product_id,me1,me2,me3,me4,me5,me1_z,me2_z,me3_z,me4_z,me5_z,cov_me1,cov_me2,cov_me3,cov_me4,cov_me5,m_e_avg,m_e_avg_raw,n_reviews,mf1,mf2,mf3,mf4,mf5,mf6,mf7,mf1_z,mf2_z,mf3_z,mf4_z,mf5_z,mf6_z,mf7_z,cov_mf1,cov_mf2,cov_mf3,cov_mf4,cov_mf5,cov_mf6,cov_mf7,m_f_avg,m_f_avg_raw,sentiment_mean,favorable_rate_raw,favorable_rate_logit,sentiment_z,favrate_z,y_sentiment_only,y_favrate_only,y_50_50,y_30_70,y_70_30,z_pc1,z_pc2,z_pc3,z_pc4,z_pc5,z_pc6,z_pc7,brand,price,n_reviews_total
1—1,0.066058394,0.012773723,0.052554745,0.124695864,0.046861314,0.535120981,-0.345039387,-0.063522527,0.372124083,0.908800506,0.076642336,0.01459854,0.062043796,0.142335766,0.054744526,0.281496731,0.060588808,274,0.140875912,0.032116788,0.15892944,0.421034063,0.049635036,0.035036496,0.045620438,-0.105045839,-0.229800163,0.266300205,1.148311905,0.179740484,0.082317872,-0.13420206,0.164233577,0.03649635,0.197080292,0.496350365,0.062043796,0.054744526,0.094890511,0.172517486,0.126178311,0.865328467,0.99,4.500819262,0.574685669,-0.403035099,0.574685669,-0.403035099,0.085825285,-0.109718869,0.281369438,-1.230245045,1.154211062,0.225572516,-0.687818196,0.013923348,0.025060303,0.133556156,YS,488,274
1—2,0.047952218,0.010580205,0.068259386,0.137827076,0.050028441,0.110909752,-0.428916472,0.25955594,0.550811908,1.016530804,0.054607509,0.011945392,0.081911263,0.162116041,0.056313993,0.301778386,0.062929465,586,0.185665529,0.055631399,0.145307167,0.311746303,0.034300341,0.033902162,0.069368601,0.227269861,0.237851227,0.131780596,0.350440259,-0.142344121,0.053105806,0.366939771,0.215017065,0.066552901,0.170648464,0.358361775,0.042662116,0.056313993,0.092150171,0.1750062,0.119417357,0.822866894,0.98,3.844050022,0.307674344,-0.810020789,0.307674344,-0.810020789,-0.251173223,-0.474712249,-0.027634196,0.482820418,0.821992921,-0.162414659,0.060472436,-0.375786802,-0.196586443,-0.091892755,MY,488,586
1—3,0.039669421,0.011570248,0.055647383,0.138842975,0.039669421,-0.083148647,-0.391058593,9.97E-05,0.564636128,0.664167253,0.053719008,0.012396694,0.066115702,0.161157025,0.045454545,0.150939177,0.05707989,242,0.245867769,0.037190083,0.134573003,0.301756198,0.01322314,0.035950413,0.069834711,0.67393922,-0.128904038,0.025780989,0.277506008,-0.585042317,0.105853604,0.376775784,0.301652893,0.045454545,0.152892562,0.347107438,0.016528926,0.05785124,0.082644628,0.106558464,0.11977076,0.772727273,0.99,4.500819262,-0.007618893,-0.403035099,-0.007618893,-0.403035099,-0.205326996,-0.284410237,-0.126243755,-0.389912718,0.627880176,0.005876639,-0.583608834,0.459959098,0.05400109,-0.322620986,JN,488,242
1—4,-0.011111111,0,0,0.04,0,-1.272890337,-0.83348885,-1.144687398,-0.780406174,-0.685193816,0.011111111,0,0,0.044444444,0,-0.943333315,0.005777778,90,0.02,0,0.042222222,0.136111111,0.008888889,0.011111111,0,-1.001882347,-0.868529024,-0.886180671,-0.931810733,-0.67607743,-0.533822909,-1.096900102,0.022222222,0,0.044444444,0.155555556,0.011111111,0.011111111,0,-0.856457602,0.031190476,0.876666667,1,6.908754779,0.645983727,1.089110451,0.645983727,1.089110451,0.867547089,0.956172434,0.778921744,0.219927813,-0.55124074,-0.668588227,-0.083387989,0.054239021,0.17320197,-0.088938773,LC,498,90
1—5,0.045019608,0.037235294,0.057176471,0.137235294,0.053352941,0.042201353,0.590337231,0.031556384,0.542759014,1.129614141,0.058823529,0.044705882,0.069411765,0.165882353,0.061176471,0.467293625,0.066003922,850,0.151647059,0.040941176,0.262882353,0.382078431,0.031176471,0.047568627,0.082254902,-0.025129525,-0.054303431,1.292832629,0.863910487,-0.207956815,0.405052781,0.638870896,0.172941176,0.048235294,0.311764706,0.48,0.038823529,0.083529412,0.121176471,0.416182432,0.14264986,0.775588235,0.98,3.844050022,0.010371712,-0.810020789,0.010371712,-0.810020789,-0.399824539,-0.563903039,-0.235746038,0.858660574,0.623187454,-0.160159141,-0.299499853,0.112025603,-0.617173,0.507096274,MY,498,850
1—6,0.027643979,0.019371728,0.031937173,0.076963351,0,-0.364893825,-0.092740809,-0.487670613,-0.277413722,-0.685193816,0.031413613,0.02617801,0.036649215,0.089005236,0,-0.381582557,0.031183246,191,0.272949389,0.00104712,0.144938918,0.260820244,0.020942408,0.077486911,0.07382199,0.874870783,-0.847704214,0.128144144,-0.021353049,-0.422909499,1.175526251,0.460916701,0.408376963,0.010471204,0.214659686,0.32460733,0.02617801,0.094240838,0.162303665,0.192498731,0.121715283,0.727748691,0.98,3.844050022,-0.290457937,-0.810020789,-0.290457937,-0.810020789,-0.550239363,-0.654151934,-0.446326793,1.209691751,0.676096963,0.405217485,1.297418054,-0.084057188,-0.517897049,-0.222758223,LG,399,191
1—7,0.045238095,0.043019481,0.048484848,0.108737374,0.009415584,0.047320314,0.811516508,-0.147249099,0.154963034,-0.36492136,0.053030303,0.04978355,0.058441558,0.126623377,0.010822511,0.10032588,0.050979076,924,0.410854978,0.108423521,0.232647908,0.361534993,0.069480519,0.05734127,0.091819986,1.898058651,1.287764791,0.994268234,0.71393004,0.596568107,0.656723693,0.840716553,0.505411255,0.141774892,0.283549784,0.443722944,0.088744589,0.086580087,0.128787879,0.99829001,0.190300454,0.81525974,0.99,4.500819262,0.259838239,-0.403035099,0.259838239,-0.403035099,-0.07159843,-0.204173098,0.060976237,-0.296946617,-0.258960605,-0.002412195,-0.43094317,-0.146358323,0.626433754,0.626154874,XM,498,924
1—8,0.036066025,0.027922971,0.061072902,0.112058689,0.007015131,-0.167572954,0.234246895,0.11171442,0.200159054,-0.446573139,0.041265475,0.04264099,0.072902338,0.138927098,0.008253095,-0.013605145,0.048827144,727,0.004951857,0.003301238,0.188755158,0.331430536,0.053645117,0.006189821,0.098143054,-1.113531755,-0.802875014,0.560828426,0.494147953,0.263966818,-0.6605589,0.974148092,0.005502063,0.004126547,0.239339752,0.422283356,0.068775791,0.013755158,0.138927098,-0.040553483,0.09805954,0.716093535,0.95,2.92568843,-0.363749114,-1.379109601,-0.363749114,-1.379109601,-0.871429358,-1.074501455,-0.66835726,-1.09104707,-0.974674781,0.585570543,1.679352339,0.682081121,0.107278956,0.413418731,JY,349,727
1—9,0,0,0,0,0,-1.01256711,-0.83348885,-1.144687398,-1.324720952,-0.685193816,0,0,0,0,0,-1.000131625,0,9,0.111111111,0,0.088888889,0.111111111,0,0,0.111111111,-0.32588521,-0.868529024,-0.425348499,-1.114326973,-0.862776561,-0.819962864,1.247804464,0.111111111,0,0.111111111,0.111111111,0,0,0.111111111,-0.45271781,0.06031746,0.911111111,1,6.908754779,0.862580902,1.089110451,0.862580902,1.089110451,0.975845676,1.021151586,0.930539767,-0.45940112,-0.356828118,-0.02920832,-0.255595003,-0.192196004,0.468610035,0.347178593,HT,300,9
1—10,0.025273224,0.030054645,0.061748634,0.083970856,0.00273224,-0.420438458,0.315759145,0.125615681,-0.182056505,-0.592256265,0.040983607,0.032786885,0.073770492,0.101092896,0.00273224,-0.15067528,0.04075592,366,0.126047359,0.003278689,0.081921676,0.232440801,0.050273224,0.016939891,0.063797814,-0.215066007,-0.80332347,-0.494149555,-0.228541417,0.193144753,-0.383716702,0.249383134,0.191256831,0.005464481,0.286885246,0.330601093,0.079234973,0.024590164,0.095628415,-0.240324181,0.082099922,0.635382514,0.97,3.444339264,-0.871284641,-1.057712899,-0.871284641,-1.057712899,-0.96449877,-1.001784422,-0.927213118,1.198074182,0.319080014,0.423743674,0.025506536,0.293750627,0.082611168,0.139861342,QP,138,366
1—11,0.020446097,0.026115242,0.069454771,0.127540273,0.008550186,-0.533533663,0.165121824,0.2841476,0.410830427,-0.394358015,0.044609665,0.050185874,0.085501859,0.169144981,0.016728625,-0.013558366,0.050421314,538,0.0633829,0.001858736,0.071747212,0.310223048,0.053531599,0.046592317,0.038568773,-0.680003758,-0.83156305,-0.594622133,0.339319513,0.261582517,0.379910258,-0.283008694,0.091078067,0.001858736,0.139405204,0.379182156,0.07063197,0.06133829,0.06133829,-0.201197907,0.083700655,0.789405204,0.96,3.154402342,0.09725703,-1.237380537,0.09725703,-1.237380537,-0.570061754,-0.836989267,-0.30313424,1.248334275,1.081446494,0.539568176,0.760940009,-0.412096132,0.526591826,-0.727548237,ZH,87,538
1—12,0.25,0.208333333,0.2,0.2,0,4.844705499,7.132889302,2.969745583,1.396852938,-0.685193816,0.25,0.25,0.25,0.25,0,3.131799901,0.171666667,4,0.21,0.2,0.216666667,0.1625,0,0,0.2,0.407819,3.109009793,0.836453877,-0.739154701,-0.862776561,-0.819962864,3.123568117,0.25,0.25,0.25,0.25,0,0,0.25,0.722136666,0.141309524,0.875,1,6.908754779,0.635503218,1.089110451,0.635503218,1.089110451,0.862306835,0.953028281,0.771585388,-0.350502709,-0.524179075,0.167900139,-0.422753956,-0.121023671,0.501447494,0.451898825,GL,450,4
1—13,0.027192982,0.013157895,0.080263158,0.166447368,0.004385965,-0.375460265,-0.330349178,0.506499522,0.940273107,-0.53600459,0.057017544,0.021929825,0.096491228,0.214912281,0.004385965,0.04099172,0.058289474,228,0.142105263,0,0.089912281,0.211549708,0.042105263,0.030701754,0.086403509,-0.095924695,-0.868529024,-0.41524253,-0.381059973,0.021587743,-0.029312987,0.726416212,0.214912281,0,0.307017544,0.293859649,0.061403509,0.035087719,0.118421053,-0.148866465,0.086111111,0.602192982,0.98,3.844050022,-1.079990539,-0.810020789,-1.079990539,-0.810020789,-0.945005664,-0.891011714,-0.998999614,1.530303652,0.220056279,0.108116557,0.206952193,0.166527818,0.023725777,0.039508381,XY,198,228
1—14,0.026805778,0.016425896,0.107463884,0.141037988,0.024879615,-0.384532102,-0.205385327,1.066077354,0.594505579,0.161089854,0.052969502,0.065810594,0.130016051,0.176565008,0.028892456,0.246351072,0.063322632,623,0.171535581,0.002568218,0.1952916,0.256634564,0.042054575,0.125040128,0.128635634,0.122432979,-0.817453084,0.625375624,-0.051911234,0.020523099,2.400145048,1.617612924,0.235955056,0.003210273,0.25682183,0.322632424,0.056179775,0.160513644,0.1894061,0.559532194,0.131680043,0.806661316,0.96,3.154402342,0.205768725,-1.237380537,0.205768725,-1.237380537,-0.515805906,-0.804435759,-0.227176054,1.240485293,1.11921849,0.366803694,1.065299199,-0.802353498,0.355608893,-0.755009507,ZY,78,623
1—15,0.042201835,0.041284404,0.087614679,0.135244648,0.01766055,-0.023816505,0.745169573,0.657736225,0.515670566,-0.084467656,0.073394495,0.04587156,0.110091743,0.160550459,0.02293578,0.362058441,0.064801223,218,0.201376147,0,0.048547401,0.182905199,0,0.034021407,0.044495413,0.343834487,-0.868529024,-0.823719692,-0.590183495,-0.862776561,0.056176679,-0.157942723,0.270642202,0,0.155963303,0.247706422,0,0.055045872,0.068807339,-0.414734333,0.073049367,0.686238532,0.99,4.500819262,-0.551486481,-0.403035099,-0.551486481,-0.403035099,-0.47726079,-0.447570514,-0.506951067,0.028483259,0.912550713,0.814806898,0.606123803,0.785794127,0.561207197,-0.463491624,ZR,288,218
1—16,0.046153846,0.073076923,0.056730769,0.184615385,0,0.068775525,1.960871486,0.022387342,1.1875011,-0.685193816,0.048076923,0.076923077,0.067307692,0.211538462,0,0.510868328,0.072115385,104,0.248076923,0.066346154,0.248076923,0.308173077,0.061538462,0.078846154,0.055769231,0.690329999,0.450942987,1.146629378,0.32435339,0.429755884,1.210530283,0.079961228,0.307692308,0.076923077,0.269230769,0.346153846,0.076923077,0.086538462,0.086538462,0.618929021,0.152403846,0.839423077,0.99,4.500819262,0.411784672,-0.403035099,0.411784672,-0.403035099,0.004374786,-0.158589168,0.16733874,0.969038672,0.392917863,-0.33351266,0.05657578,-0.725865629,-0.131153309,-0.001737819,NA,498,104
1—17,0.023453237,0.033093525,0.066378897,0.171318945,0.002302158,-0.46307909,0.431961722,0.220870215,1.006564883,-0.606885572,0.044604317,0.043165468,0.08057554,0.2,0.002877698,0.117886432,0.059309353,695,0.105803357,0.001151079,0.143429257,0.275117506,0.019568345,0.083776978,0.084316547,-0.365265987,-0.845636715,0.113236275,0.083026249,-0.451769841,1.337511816,0.682376428,0.139568345,0.005755396,0.184172662,0.312230216,0.024460432,0.100719424,0.138129496,0.079068318,0.101880439,0.830071942,0.94,2.736069275,0.352981885,-1.496612489,0.352981885,-1.496612489,-0.571815302,-0.941734177,-0.201896427,1.42269323,0.611103888,0.396563372,1.198794201,-0.424877002,0.450672387,-0.511901841,XM,69,695
1—18,0.03869863,0.04760274,0.058219178,0.1418379,0.005479452,-0.105893405,0.986773993,0.053007134,0.605390668,-0.498809467,0.047945205,0.058219178,0.071917808,0.174657534,0.006849315,0.208093785,0.05836758,292,0.275057078,0.019178082,0.171689498,0.302739726,0.032876712,0.160673516,0.126712329,0.890508737,-0.487121193,0.392305453,0.284686399,-0.172245529,3.317797282,1.57702668,0.349315068,0.023972603,0.29109589,0.380136986,0.04109589,0.215753425,0.205479452,0.828993976,0.155560992,0.775684932,0.97,3.444339264,0.010979767,-1.057712899,0.010979767,-1.057712899,-0.523366566,-0.737105099,-0.309628033,0.049614021,-0.081509491,0.920105473,0.18653599,-0.343003115,1.124771535,-0.438761346,LG,499,292
1—19,0.023794712,0.038102644,0.068895801,0.181648523,0.020528771,-0.455078644,0.623503484,0.27264838,1.147128428,0.013095291,0.034214619,0.046656299,0.085536547,0.219284603,0.024883359,0.320259388,0.06659409,643,0.063063764,0.003576983,0.083359253,0.284110938,0.052566096,0.041835148,0.06407465,-0.682371581,-0.797391083,-0.479953511,0.148684147,0.241303447,0.257400795,0.255225019,0.076205288,0.00466563,0.119751166,0.33903577,0.065318818,0.051321928,0.091757387,-0.151014681,0.084655262,0.785069984,0.99,4.500819262,0.069995844,-0.403035099,0.069995844,-0.403035099,-0.166519628,-0.261125816,-0.071913439,-0.827839982,-0.177225241,0.741082372,1.627279916,-0.371789599,1.336582713,0.044297972,MD,288,643
1—20,0.013175676,0.033783784,0.025,0.087162162,0.006756757,-0.703873013,0.458356255,-0.630383275,-0.138629628,-0.455361764,0.023648649,0.040540541,0.030405405,0.125,0.010135135,-0.293978285,0.033175676,296,0.161711712,0.001351351,0.058952703,0.200112613,0.004054054,0.021959459,0.07027027,0.049544974,-0.841653762,-0.720967593,-0.464558196,-0.777626619,-0.254449776,0.38596711,0.212837838,0.006756757,0.108108108,0.236486486,0.016891892,0.027027027,0.101351351,-0.374820552,0.07405888,0.707094595,0.97,3.444339264,-0.420337197,-1.057712899,-0.420337197,-1.057712899,-0.739025048,-0.866500189,-0.611549908,1.14872733,0.879170791,0.393205699,0.592871042,-0.642305239,0.291962349,-0.682157689,ND,269,296
1—21,0.080357143,0.028571429,0.085714286,0.126785714,0.028571429,0.870127657,0.259043011,0.618641023,0.400562496,0.28666743,0.089285714,0.035714286,0.107142857,0.178571429,0.035714286,0.487008323,0.07,56,0,0,0.191071429,0.276190476,0.028571429,0,0.033035714,-1.150271963,-0.868529024,0.583701538,0.090859629,-0.262672212,-0.819962864,-0.399769191,0,0,0.214285714,0.303571429,0.035714286,0,0.053571429,-0.403806298,0.075552721,0.748214286,0.98,3.844050022,-0.161764034,-0.810020789,-0.161764034,-0.810020789,-0.485892412,-0.615543763,-0.356241061,0.193226806,-0.723332043,2.033775958,-0.379667339,0.870966665,-0.663925976,-0.255051731,HX,466,56
1—22,0,0,0,0.133333333,0,-1.01256711,-0.83348885,-1.144687398,0.489661641,-0.685193816,0,0,0,0.166666667,0,-0.637255107,0.026666667,6,0,0,0,0,0,0,0,-1.150271963,-0.868529024,-1.303124065,-1.925510262,-0.862776561,-0.819962864,-1.096900102,0,0,0,0,0,0,0,-1.146724977,0,0.916666667,0.99,4.500819262,0.89751593,-0.403035099,0.89751593,-0.403035099,0.247240416,-0.01286979,0.507350621,0.927854416,-0.205360856,-0.39844581,0.027010462,-0.266657799,-0.03988687,0.37523592,YS,426,6
1—23,0.050917431,0.051376147,0.06146789,0.16911315,0.030045872,0.18038199,1.131063854,0.11984017,0.976548713,0.336820821,0.059633028,0.066513761,0.075688073,0.208715596,0.036697248,0.548931109,0.072584098,436,0.095795107,0.001834862,0.156135321,0.344615553,0.034862385,0.02087156,0.035321101,-0.439522008,-0.832037843,0.238708346,0.590407136,-0.130539144,-0.282466021,-0.351542183,0.133027523,0.002293578,0.220183486,0.417431193,0.043577982,0.027522936,0.066513761,-0.172427388,0.098490841,0.739220183,0.98,3.844050022,-0.218321693,-0.810020789,-0.218321693,-0.810020789,-0.514171241,-0.63251106,-0.395831422,-0.304111719,0.860353264,0.270569615,-0.198254155,0.786496615,0.271730707,-0.055745894,NS,458,436
1—24,0,0,0,0.133333333,0,-1.01256711,-0.83348885,-1.144687398,0.489661641,-0.685193816,0,0,0,0.142857143,0,-0.637255107,0.026666667,7,0,0,-0.078571429,0.128571429,0,0,0.133333333,-1.150271963,-0.868529024,-2.079014967,-0.986855313,-0.862776561,-0.819962864,1.716745377,0,0,0.142857143,0.142857143,0,0,0.142857143,-0.721523616,0.026190476,0.385714286,0.96,3.154402342,-2.441274629,-1.237380537,-2.441274629,-1.237380537,-1.839327583,-1.598548765,-2.080106402,1.388688934,0.266469402,0.050764148,0.089471217,0.171403316,-0.264962805,0.217063356,FW,198,7
1—25,0.100518519,0.099740741,0.144444444,0.173222222,0.010666667,1.342490351,2.980458948,1.826847533,1.032464434,-0.322365617,0.128888889,0.155555556,0.177777778,0.208888889,0.013333333,1.37197913,0.105718519,450,0.306407407,0.012888889,0.248,0.313925926,0.021333333,0.092333333,0.217851852,1.123111906,-0.612198745,1.145869764,0.366352925,-0.414698647,1.557860167,3.500283984,0.395555556,0.015555556,0.313333333,0.391111111,0.026666667,0.113333333,0.286666667,0.952368765,0.173248677,0.780888889,0.97,3.444339264,0.043703839,-1.057712899,0.043703839,-1.057712899,-0.50700453,-0.727287878,-0.286721182,0.941972084,0.544026621,0.271665694,0.769305667,0.530982336,-0.069575374,-0.393689112,BR,297,450
1—26,0.017638691,0.052204836,0.065291607,0.139046942,0.018065434,-0.599308616,1.162751797,0.198502316,0.567411678,-0.070695489,0.046941679,0.078236131,0.083926031,0.190611664,0.022759602,0.251732337,0.058449502,703,0.004836415,0,0.03895211,0.200237079,0.017354196,0.016927454,0.074964438,-1.114388272,-0.868529024,-0.918472948,-0.463649509,-0.498275057,-0.384036986,0.485025041,0.009957326,0,0.083926031,0.257467994,0.031294452,0.022759602,0.149359886,-0.537475251,0.050467385,0.540967283,0.97,3.444339264,-1.464996416,-1.057712899,-1.464996416,-1.057712899,-1.261354657,-1.179897954,-1.342811361,-0.30813468,-0.034906267,0.791925091,0.966769186,-0.58170643,1.176770822,0.125194602,MD,169,703
1—27,-0.023076923,0.128365385,0.071153846,0.168269231,0.007692308,-1.553238428,4.075025688,0.319101259,0.965064772,-0.423538865,0.067307692,0.211538462,0.086538462,0.211538462,0.009615385,0.676482885,0.070480769,104,0.052884615,0,0.194230769,0.273076923,0.098076923,0.040384615,0.127403846,-0.757895576,-0.868529024,0.614899948,0.068128668,1.197197023,0.220045821,1.591619316,0.067307692,0,0.278846154,0.394230769,0.144230769,0.048076923,0.173076923,0.295066597,0.112293956,0.578846154,0.97,3.444339264,-1.22680252,-1.057712899,-1.22680252,-1.057712899,-1.14225771,-1.108439785,-1.176075634,0.816368195,0.383491687,1.023481492,1.003832506,-0.219176605,0.279847969,-0.360736258,SS,153,104
1—28,-0.008988764,-0.012921348,0.02247191,0.126872659,0.004494382,-1.223165676,-1.327583316,-0.682391557,0.401745631,-0.532316766,0.039325843,0.033707865,0.028089888,0.258426966,0.005617978,-0.672742337,0.026385768,178,0.017977528,0.004494382,0.027434457,0.182069288,0.007865169,0.026217228,0.020786517,-1.016888039,-0.77914613,-1.032209485,-0.596286184,-0.697579296,-0.144801171,-0.658255933,0.084269663,0.005617978,0.117977528,0.353932584,0.033707865,0.056179775,0.106741573,-0.703595177,0.040977796,0.328089888,0.85,1.729132292,-2.803634425,-2.120589555,-2.803634425,-2.120589555,-2.46211199,-2.325503016,-2.598720964,-0.551172371,0.26931388,0.631228494,1.483569795,0.334606818,0.799789346,-0.277689667,ML,79,178
1—29,0.015822785,0.006329114,0.025316456,0.209493671,0.015189873,-0.641853654,-0.591472299,-0.623873096,1.526041572,-0.16850809,0.018987342,0.006329114,0.03164557,0.246835443,0.018987342,-0.099933114,0.05443038,158,0.049367089,0,0.02278481,0.4092827,0.021518987,0.030379747,0.021518987,-0.783993798,-0.868529024,-1.078124632,1.062519323,-0.410799234,-0.037605517,-0.642799091,0.056962025,0,0.025316456,0.462025316,0.025316456,0.037974684,0.025316456,-0.394190282,0.079264617,0.848734177,0.99,4.500819262,0.470335711,-0.403035099,0.470335711,-0.403035099,0.033650306,-0.141023856,0.208324468,0.522269387,-0.204123475,0.872964162,0.084953686,-0.873071925,0.795588556,-0.367694394,LS,399,158
1—30,0.008754209,-0.000841751,0.070538721,0.068728956,0.009427609,-0.807463962,-0.865676237,0.306446793,-0.389466288,-0.364512327,0.013468013,0.018518519,0.087542088,0.087542088,0.011784512,-0.424134404,0.031321549,594,0.15684624,0,0.080920314,0.197379349,0.065993266,0.016666667,0.089450056,0.013445701,-0.868529024,-0.504037975,-0.484512796,0.523323047,-0.390752931,0.790705493,0.222222222,0,0.271043771,0.311447811,0.089225589,0.023569024,0.131313131,-0.131479784,0.086750842,0.61506734,0.98,3.844050022,-0.99903265,-0.810020789,-0.99903265,-0.810020789,-0.90452672,-0.866724347,-0.942329092,1.306429622,0.084240241,-0.148388844,0.249511108,-0.522749142,0.145813507,-0.322930177,ZB,258,594
1—31,-0.016666667,0,0.016666667,-0.054166667,0,-1.403051951,-0.83348885,-0.801817983,-2.06181388,-0.685193816,0.020833333,0,0.020833333,0.0625,0,-1.157073296,-0.010833333,48,0.016666667,-0.016666667,-0.18125,-0.085416667,0,-0.033333333,-0.079166667,-1.02661395,-1.199990592,-3.092963305,-2.549107416,-0.862776561,-1.678382731,-2.767502106,0.041666667,0.020833333,0.333333333,0.270833333,0,0.041666667,0.083333333,-1.882476666,-0.054166667,-0.097916667,0.98,3.844050022,-5.482493609,-0.810020789,-5.482493609,-0.810020789,-3.146257199,-2.211762635,-4.080751763,1.313660264,0.122033989,0.57598469,1.507649706,0.439235901,-0.119457525,0.004797072,QZ,58,48
1—32,0.043356643,0.025874126,0.03986014,0.131468531,0.005594406,0.003239608,0.155901891,-0.324678028,0.464285661,-0.494899306,0.048951049,0.027972028,0.048951049,0.216783217,0.006993007,-0.039230035,0.049230769,143,0,0,0.224125874,0.244755245,0.011188811,0.001398601,0.077156177,-1.150271963,-0.868529024,0.910113365,-0.138637981,-0.627770662,-0.783945247,0.531275866,0,0,0.251748252,0.300699301,0.013986014,0.027972028,0.111888112,-0.303966521,0.07980353,0.659440559,0.95,2.92568843,-0.720000309,-1.379109601,-0.720000309,-1.379109601,-1.049554955,-1.181376813,-0.917733097,0.88462876,0.359570661,1.046996605,0.257836901,0.537153967,-0.591408561,0.480844233,FZ,298,143
1—33,0.052307692,0.098461538,0.120769231,0.161410256,0.026153846,0.212954543,2.931544024,1.339797133,0.871728745,0.204433017,0.061538462,0.115384615,0.146153846,0.2,0.030769231,1.112091493,0.091820513,130,0.323076923,0.084615385,0.515384615,0.525611722,0.104615385,0.083076923,0.087692308,1.246791057,0.81427586,3.786286188,1.911796745,1.334528595,1.319483573,0.753612886,0.384615385,0.1,0.592307692,0.615384615,0.130769231,0.092307692,0.1,1.595253558,0.24629618,0.855384615,1,6.908754779,0.512155695,1.089110451,0.512155695,1.089110451,0.800633073,0.916024024,0.685242122,0.65274255,0.047185696,-0.483116313,0.34093933,-0.410054559,-0.417581256,0.64676776,BJ,484,130
1—34,0.012804878,0.014634146,0.044512195,0.118851626,0.025,-0.712560464,-0.273899361,-0.22897518,0.292596459,0.165184775,0.027439024,0.015243902,0.051829268,0.143292683,0.030487805,-0.151530754,0.043160569,328,0.00304878,0,0.08445122,0.31402439,0.02195122,0,0.078353659,-1.127651595,-0.868529024,-0.469170374,0.367071778,-0.40172078,-0.819962864,0.556545526,0.00304878,0,0.12804878,0.387195122,0.027439024,0,0.112804878,-0.394773905,0.071689895,0.756097561,0.99,4.500819262,-0.112191594,-0.403035099,-0.112191594,-0.403035099,-0.257613347,-0.315782048,-0.199444646,-0.542741257,0.443165285,0.806249432,1.490901495,0.967922492,0.423657938,0.08608228,MS,346,328
1—35,0.019642857,0.005059524,0.065873016,0.08968254,0.014285714,-0.552352834,-0.640019667,0.210463147,-0.10433266,-0.199263193,0.023809524,0.005952381,0.077380952,0.113095238,0.017857143,-0.257101041,0.03890873,168,0.171428571,0.07202381,0.130357143,0.392063492,0.028571429,0.016666667,0.035714286,0.121639027,0.563858466,-0.015850523,0.936807916,-0.262672212,-0.390752931,-0.343245063,0.202380952,0.089285714,0.154761905,0.44047619,0.035714286,0.023809524,0.041666667,0.087112097,0.120975057,0.853571429,1,6.908754779,0.500753823,1.089110451,0.500753823,1.089110451,0.794932137,0.912603463,0.677260812,1.08189376,-0.050825306,0.94928736,0.64750685,0.696919508,-0.917173028,0.381924104,HF,478,168
2—1,0,0,0,0,0,-1.01256711,-0.83348885,-1.144687398,-1.324720952,-0.685193816,0,0,0,0,0,-1.000131625,0,7,0.1,0,0,0.114285714,0,0,0,-0.408323885,-0.868529024,-1.303124065,-1.091150307,-0.862776561,-0.819962864,-1.096900102,0.142857143,0,0,0.142857143,0,0,0,-0.921538116,0.030612245,0.328571429,0.92,2.431010882,-2.800606349,-1.685650576,-2.800606349,-1.685650576,-2.243128463,-2.020137308,-2.466119617,1.251545236,0.872939805,0.524143344,0.774752496,-0.5640216,0.571685045,-0.345376759,LG,599,7
2—2,0.085470942,0.032164329,0.076786907,0.118420174,0.014829659,0.989939317,0.396430534,0.434985518,0.286725312,-0.180760824,0.098196393,0.042084168,0.094188377,0.144288577,0.02004008,0.385463971,0.065534402,499,0.405477622,0.096392786,0.31489646,0.449098196,0.139478958,0.111756847,0.115531062,1.858161458,1.048501207,1.806470638,1.353198308,2.066790964,2.058066069,1.341075778,0.503006012,0.118236473,0.372745491,0.54509018,0.174348697,0.140280561,0.156312625,1.647466346,0.233233133,0.844088176,1,6.908754779,0.44112024,1.089110451,0.44112024,1.089110451,0.765115346,0.894713388,0.635517303,-0.330614804,-0.473623293,-0.514872064,-0.102405285,0.040808115,0.554969694,0.61970465,WN,668,499
2—3,0.044482173,0.010865874,0.063327674,0.14131296,0.049660441,0.029609748,-0.417992863,0.158099955,0.598247357,1.004013232,0.050933786,0.01188455,0.076400679,0.162988115,0.056027165,0.274395486,0.061929825,589,0.177758913,0.051952462,0.162507074,0.325059423,0.030050934,0.038879457,0.060158461,0.168606878,0.164685643,0.301629249,0.447634684,-0.231597199,0.181284077,0.172584255,0.208828523,0.062818336,0.190152801,0.373514431,0.037351443,0.061120543,0.086587436,0.172118227,0.120909532,0.817826825,0.98,3.844050022,0.275980852,-0.810020789,0.275980852,-0.810020789,-0.267019969,-0.484220297,-0.049819641,-0.303785122,1.072931771,-0.299484926,-0.138093083,-1.166256201,-0.553914088,-0.129989668,MY,548,589
2—4,0.057344633,0.021468927,0.050847458,0.082485876,0.050847458,0.330965477,-0.012546831,-0.098645115,-0.202263924,1.044389758,0.06779661,0.033898305,0.062146893,0.09039548,0.056497175,0.212379873,0.05259887,177,0.263841808,0.053107345,0.174858757,0.285404896,0.036158192,0.058126177,0.058757062,0.807297259,0.187653599,0.42360181,0.158130882,-0.103322469,0.67693709,0.143011465,0.316384181,0.062146893,0.197740113,0.355932203,0.04519774,0.06779661,0.073446328,0.327615662,0.132893462,0.779661017,0.99,4.500819262,0.035982606,-0.403035099,0.035982606,-0.403035099,-0.183526247,-0.271329788,-0.095722706,-0.80076309,1.050522596,-0.426874968,0.378361026,0.231510552,-0.098563154,0.106319072,JN,628,177
2—5,0,0,0.061538462,0.061538462,0,-1.01256711,-0.83348885,0.121291981,-0.487313601,-0.685193816,0,0,0.076923077,0.076923077,0,-0.579454279,0.024615385,13,0.084615385,0.061538462,0.146153846,0.346153846,0,0,0,-0.522469743,0.355329073,0.140141529,0.601637678,-0.862776561,-0.819962864,-1.096900102,0.230769231,0.076923077,0.307692308,0.384615385,0,0.076923077,0,-0.315000141,0.091208791,0.761538462,1,6.908754779,-0.077977552,1.089110451,-0.077977552,1.089110451,0.50556645,0.73898405,0.272148849,1.157645751,0.230195798,-0.188716883,-0.310281755,-0.249433614,-0.033753044,0.221742229,XD,938,13
2—6,0.101290323,0.023225806,0.060645161,0.161935484,0.055268817,1.360573018,0.054633824,0.102914861,0.878875972,1.194782939,0.116129032,0.025806452,0.070967742,0.180645161,0.064516129,0.718356123,0.080473118,155,0.071612903,0.021935484,0.126774194,0.368494624,0.056774194,0.020645161,0.061290323,-0.618941404,-0.432282832,-0.051232058,0.764739866,0.329688856,-0.288296366,0.196469191,0.096774194,0.025806452,0.161290323,0.419354839,0.070967742,0.032258065,0.103225806,-0.014264964,0.103932412,0.860645161,1,6.908754779,0.545235613,1.089110451,0.545235613,1.089110451,0.817173032,0.925948,0.708398064,0.273863686,-0.679655989,0.00838206,-0.286000374,0.335577808,0.225897578,0.212168799,MY,670,155
2—7,0.148128342,0.027807487,0.052941176,0.138146168,0.122139037,2.457945217,0.229830929,-0.055572785,0.555154061,3.469383085,0.171122995,0.032085561,0.064171123,0.160427807,0.139037433,1.331348101,0.097832442,187,0.092513369,0.013903743,0.21657754,0.332745098,0.039037433,0.014973262,0.091176471,-0.4638708,-0.592015631,0.835573755,0.503745106,-0.042847891,-0.434362496,0.82713688,0.112299465,0.016042781,0.251336898,0.395721925,0.048128342,0.021390374,0.128342246,0.090479846,0.114418131,0.873262032,0.99,4.500819262,0.624574346,-0.403035099,0.624574346,-0.403035099,0.110769623,-0.094752266,0.316291512,-0.261000663,1.063644027,-0.395465928,0.219864794,0.519001098,-0.222524049,0.052830489,MY,928,187
2—8,0.043,0.023,0.118,0.171916667,0.03,-0.005116221,0.045999298,1.282828061,1.014698604,0.335260493,0.055,0.025,0.14,0.205,0.035,0.534734047,0.077183333,200,0,0,0.14425,0.375041667,0.0595,0.005,0.054,-1.150271963,-0.868529024,0.121341096,0.812537533,0.386940746,-0.691199884,0.042626317,0,0,0.175,0.415,0.085,0.005,0.08,-0.192365026,0.091113095,0.8385,1,6.908754779,0.405980082,1.089110451,0.405980082,1.089110451,0.747545267,0.88417134,0.610919193,-0.112605506,-0.411441433,-0.478481489,0.107307103,-0.136321258,0.347506215,0.207406804,HP,978,200
2—9,0.083919598,0.040201005,0.078894472,0.130988275,0.049246231,0.953592741,0.703741909,0.478342698,0.457750389,0.98992381,0.095477387,0.045226131,0.100502513,0.145728643,0.055276382,0.716670309,0.076649916,199,0.178643216,0.056281407,0.222303183,0.257788945,0.056281407,0.016834171,0.054773869,0.175167945,0.250778381,0.892114332,-0.043483505,0.319338539,-0.386439263,0.058956772,0.216080402,0.065326633,0.27638191,0.306532663,0.070351759,0.025125628,0.075376884,0.180919029,0.120415171,0.813567839,0.99,4.500819262,0.249199049,-0.403035099,0.249199049,-0.403035099,-0.076918025,-0.207364855,0.053528804,0.099667269,1.653807058,-0.407368041,-0.228133601,-1.047340283,-0.330427017,0.096983167,AY,736,199
2—10,0,0,0,0,0,-1.01256711,-0.83348885,-1.144687398,-1.324720952,-0.685193816,0,0,0,0,0,-1.000131625,0,102,0.017647059,0,0,0.088235294,0,0,0.015686275,-1.019339949,-0.868529024,-1.303124065,-1.281335297,-0.862776561,-0.819962864,-0.765882987,0.019607843,0,0,0.098039216,0,0,0.019607843,-0.98870725,0.017366947,0.851960784,1,6.908754779,0.490625601,1.089110451,0.490625601,1.089110451,0.789868026,0.909564996,0.670171056,-0.137119347,-0.562015643,-0.620567045,0.155408442,0.190053924,0.407136029,0.468325503,JN,908,102
2—11,0.08907563,0,0.117647059,0.12605042,0.013445378,1.074393887,-0.83348885,1.275567297,0.39055671,-0.227847347,0.100840336,0,0.134453782,0.151260504,0.016806723,0.335836339,0.069243697,119,0.053781513,0.021008403,0.086554622,0.260644258,0.013445378,0.006722689,0.039495798,-0.751241064,-0.450720325,-0.448399328,-0.022637865,-0.580374514,-0.646836168,-0.263446294,0.067226891,0.025210084,0.092436975,0.277310924,0.016806723,0.008403361,0.050420168,-0.451950794,0.068807523,0.900840336,1,6.908754779,0.797995135,1.089110451,0.797995135,1.089110451,0.943552793,1.001775856,0.88532973,-1.344013166,1.988716026,0.082209893,-0.55776086,-0.514438891,0.228267637,0.290188421,PY,708,119
2—12,0.034246575,0.018493151,0.039041096,0.155022831,0.005479452,-0.210200999,-0.126336379,-0.341527535,0.784809494,-0.498809467,0.04109589,0.020547945,0.047945205,0.226027397,0.006849315,-0.078412977,0.050456621,146,0,0,0.236986301,0.258561644,0.005479452,0.001369863,0.081050228,-1.150271963,-0.868529024,1.037109765,-0.037842299,-0.747688055,-0.784685336,0.613449461,0,0,0.267123288,0.315068493,0.006849315,0.04109589,0.116438356,-0.276922493,0.083349641,0.65890411,0.95,2.92568843,-0.723373669,-1.379109601,-0.723373669,-1.379109601,-1.051241635,-1.182388822,-0.920094449,-0.0911049,0.54412745,0.459633581,1.022614081,-0.660547186,-0.62455463,0.389358463,FX,718,146
2—13,0.022888283,0.021798365,0.047411444,0.072570391,0.00653951,-0.476315449,5.04E-05,-0.169331351,-0.337192551,-0.46275146,0.027247956,0.029972752,0.057220708,0.08719346,0.008174387,-0.289108073,0.034241599,367,-0.002179837,0.002179837,0.155495005,0.333260672,0.041416894,0.015894641,0.063578565,-1.166445218,-0.825177103,0.232385236,0.507509132,0.007129471,-0.41063459,0.244756461,0.002724796,0.002724796,0.188010899,0.403269755,0.057220708,0.021798365,0.098092643,-0.201496659,0.087092254,0.775476839,0.99,4.500819262,0.00967122,-0.403035099,0.00967122,-0.403035099,-0.19668194,-0.279223203,-0.114140676,-0.525570966,-0.543939926,0.979574272,1.883779107,0.249802807,0.528823457,0.136829975,HX,892,367
2—14,0.02912844,0.011926606,0.055351682,0.108486239,0.037155963,-0.330114247,-0.377431973,-0.005983469,0.151545619,0.578671612,0.032110092,0.013761468,0.064220183,0.123853211,0.041284404,0.003337509,0.048409786,218,0.24266055,0.033486239,0.170489297,0.292278287,0.018348624,0.040366972,0.05733945,0.650143327,-0.202564956,0.380453497,0.208311102,-0.477388447,0.21959147,0.11309652,0.293577982,0.041284404,0.188073394,0.344036697,0.02293578,0.064220183,0.073394495,0.127377502,0.122138488,0.759174312,0.99,4.500819262,-0.092844046,-0.403035099,-0.092844046,-0.403035099,-0.247939572,-0.309977783,-0.185901362,-0.814112189,1.211501566,-0.0361429,-0.083633082,0.468327879,0.179868652,0.309594651,JN,758,218
2—15,0.015652174,0,0,0.041304348,0.008695652,-0.645850912,-0.83348885,-1.144687398,-0.762656779,-0.389409958,0.017391304,0,0,0.043478261,0.008695652,-0.75521878,0.013130435,115,0.020869565,0,-0.006956522,0.142608696,0,0.008695652,0,-0.995430625,-0.868529024,-1.371819544,-0.884374145,-0.862776561,-0.596027247,-1.096900102,0.026086957,0,0.017391304,0.156521739,0,0.008695652,0,-0.953693893,0.023602484,0.873043478,1,6.908754779,0.623200012,1.089110451,0.623200012,1.089110451,0.856155232,0.94933732,0.762973144,-1.281964996,2.137873629,0.370635216,-0.698243195,-0.562010721,0.19379879,0.85953768,XM,779,115
2—16,-0.006060606,0.021212121,0.025,0.105454545,0.006060606,-1.154561598,-0.022366711,-0.630383275,0.110290735,-0.47904143,0.007575758,0.037878788,0.03030303,0.121212121,0.007575758,-0.435212456,0.030333333,132,0.185227273,0.010606061,0.083838384,0.219318182,0.024242424,0.018939394,0.028030303,0.224018226,-0.657598936,-0.475222111,-0.324345065,-0.353597113,-0.332224303,-0.505395087,0.212121212,0.045454545,0.159090909,0.333333333,0.03030303,0.045454545,0.075757576,-0.34633777,0.081457431,0.609090909,1,6.908754779,-1.036614272,1.089110451,-1.036614272,1.089110451,0.02624809,0.451393034,-0.398896855,1.250770802,0.245089247,0.167174448,-0.539268657,0.181739272,-0.144005746,0.372815769,XD,549,132
2—17,0,0,0,0,0,-1.01256711,-0.83348885,-1.144687398,-1.324720952,-0.685193816,0,0,0,0,0,-1.000131625,0,5,0,-0.08,0.3,-0.08,0,0,-0.16,-1.150271963,-2.459544551,1.659368471,-2.509562231,-0.862776561,-0.819962864,-4.473274678,0,0.2,0.4,0.2,0,0,0.2,-1.516574911,-0.002857143,0.52,1,6.908754779,-1.596845089,1.089110451,-1.596845089,1.089110451,-0.253867319,0.283323789,-0.791058427,1.136373694,0.252225266,-0.073813081,-0.459736579,0.13912679,-0.050032024,0.403281992,SO,649,5
2—18,0.01,0.02,0.02,0.073125,0,-0.778276206,-0.068716548,-0.7332441,-0.329645499,-0.685193816,0.0125,0.025,0.025,0.1125,0,-0.519015234,0.024625,80,0.1325,0.0575,0.08125,0.148125,0.06,0.02125,0.05125,-0.16719076,0.275013386,-0.500782337,-0.84410154,0.397442573,-0.272720199,-0.015405121,0.225,0.1125,0.1375,0.25,0.075,0.05,0.075,-0.161106285,0.078839286,0.59,0.96,3.154402342,-1.156663732,-1.237380537,-1.156663732,-1.237380537,-1.197022135,-1.213165496,-1.180878774,1.23906567,0.401765465,-0.109461581,-0.211795353,0.28858075,-0.12317601,0.320286927,CS,549,80
2—19,0.03,0,0.055,0.133333333,0.021666667,-0.309694397,-0.83348885,-0.013218328,0.489661641,0.051800963,0.05,0,0.066666667,0.15,0.025,-0.122987794,0.048,120,0.036666667,0,0.045,0.324166667,0.013333333,0,0.006666667,-0.878224334,-0.868529024,-0.858750185,0.441116985,-0.582727864,-0.819962864,-0.956217828,0.041666667,0,0.05,0.358333333,0.016666667,0,0.008333333,-0.646185017,0.060833333,0.87,0.99,4.500819262,0.604061693,-0.403035099,0.604061693,-0.403035099,0.100513297,-0.100906062,0.301932655,-0.104738991,-0.511591032,0.053984333,-0.594626823,0.012899354,0.591973869,0.524893154,DB,828,120
2—20,0.055625,0.01,0.02,0.055,0.0125,0.290676045,-0.451102699,-0.7332441,-0.576288132,-0.260004521,0.0625,0.0125,0.025,0.0625,0.0125,-0.345992681,0.030625,80,0.085,0.025,0.111666667,0.153333333,0.0225,0.03375,0.04,-0.519616097,-0.371336672,-0.20041851,-0.806077323,-0.390194386,0.049187251,-0.252806458,0.1,0.025,0.125,0.2,0.05,0.0375,0.05,-0.355894599,0.067321429,0.865,1,6.908754779,0.572620167,1.089110451,0.572620167,1.089110451,0.830865309,0.934163366,0.727567252,0.836186089,0.515891205,0.100342135,-0.5461526,-0.028475907,-0.060190312,0.329999078,JL,803,80
2—21,0.018867925,0,0,0.036320755,0,-0.5705088,-0.83348885,-1.144687398,-0.830472863,-0.685193816,0.018867925,0,0,0.037735849,0,-0.812870346,0.011037736,106,0,0,0,0.118867925,0,0,0,-1.150271963,-0.868529024,-1.303124065,-1.057697196,-0.862776561,-0.819962864,-1.096900102,0,0,0,0.132075472,0,0,0,-1.022751682,0.016981132,0.885849057,1,6.908754779,0.703725396,1.089110451,0.703725396,1.089110451,0.896417924,0.973494935,0.819340912,-0.343642879,0.249542949,-0.028358785,-0.342951292,0.83893025,0.449757466,0.371307509,MR,658,106
2—22,0,0,0,0,0,-1.01256711,-0.83348885,-1.144687398,-1.324720952,-0.685193816,0,0,0,0,0,-1.000131625,0,88,0.040340909,0,0.022727273,0.093939394,0,0,0,-0.850963363,-0.868529024,-1.078692812,-1.239691663,-0.862776561,-0.819962864,-1.096900102,0.045454545,0,0.022727273,0.113636364,0,0,0,-0.973930913,0.022429654,0.861363636,1,6.908754779,0.549753603,1.089110451,0.549753603,1.089110451,0.819432027,0.927303397,0.711560658,1.158147251,-0.201713468,-0.516693416,-0.012317943,0.184338601,-0.256877967,0.637677541,LC,938,88
2—23,0.049367089,0.044303797,0.119620253,0.138291139,0.010759494,0.144058873,0.86062701,1.316160176,0.557126817,-0.319208093,0.056962025,0.056962025,0.14556962,0.164556962,0.025316456,0.511752957,0.072468354,158,0.327848101,0.073417722,0.462025316,0.49056962,0.111392405,0.087341772,0.07721519,1.282190722,0.591580162,3.259364439,1.655966642,1.476870775,1.429314509,0.532521172,0.392405063,0.094936709,0.537974684,0.588607595,0.139240506,0.101265823,0.088607595,1.461115489,0.232830018,0.853797468,1,6.908754779,0.50217523,1.089110451,0.50217523,1.089110451,0.795642841,0.913029885,0.678255797,1.04701133,-0.174138988,-0.550135065,0.344203301,0.126906805,-0.182942597,0.662024307,BJ,543,158
2—24,0.049367089,0.043670886,0.12278481,0.137594937,0.011392405,0.144058873,0.836425355,1.381261964,0.547652984,-0.297679521,0.056962025,0.056962025,0.151898734,0.164556962,0.025316456,0.522343931,0.072962025,158,0.316455696,0.079746835,0.457594937,0.489303797,0.111392405,0.082278481,0.07721519,1.197664992,0.717451643,3.215614549,1.646725313,1.476870775,1.298921618,0.532521172,0.379746835,0.094936709,0.53164557,0.588607595,0.139240506,0.101265823,0.088607595,1.440824295,0.23056962,0.848734177,1,6.908754779,0.470335711,1.089110451,0.470335711,1.089110451,0.779723081,0.903478029,0.655968133,-0.067269776,-0.539397354,-0.44042784,-0.170861578,0.362910528,0.460702388,0.428483047,BJ,508,158
2—25,0.029787234,0,0.034042553,0.09964539,0,-0.31467931,-0.83348885,-0.44435838,0.031240507,-0.685193816,0.031914894,0.021276596,0.042553191,0.127659574,0,-0.44929597,0.032695035,94,0.246631206,0.027659574,0.172340426,0.298758865,0.05106383,0.046808511,0.105319149,0.679603527,-0.318443869,0.398733349,0.255623529,0.209750361,0.3854778,1.125580503,0.329787234,0.031914894,0.265957447,0.393617021,0.063829787,0.063829787,0.159574468,0.3909036,0.135511651,0.788297872,1,6.908754779,0.090293787,1.089110451,0.090293787,1.089110451,0.589702119,0.789465452,0.389938787,1.036834005,0.303270233,0.113553622,-0.323349033,0.413122484,0.018770408,0.222273984,XM,562,94
2—26,0.046428571,0.017857143,0.107142857,0.120535714,0.014285714,0.075212089,-0.150656437,1.059473128,0.315513312,-0.199263193,0.053571429,0.017857143,0.125,0.142857143,0.017857143,0.22005578,0.06125,56,0,0,0.046428571,0.272321429,0.042857143,0,0.049107143,-1.150271963,-0.868529024,-0.844643077,0.062613068,0.037379963,-0.819962864,-0.060624423,0,0,0.053571429,0.285714286,0.053571429,0,0.053571429,-0.520576903,0.058673469,0.885714286,1,6.908754779,0.702877915,1.089110451,0.702877915,1.089110451,0.895994183,0.97324069,0.818747676,-0.664075262,-1.239877055,1.441949134,0.021509387,-0.062737954,-0.140974404,0.071320393,SH,965,56
2—27,0.163636364,0.090909091,0,0.063636364,0,2.821284052,2.642748889,-1.144687398,-0.458765623,-0.685193816,0.181818182,0.090909091,0,0.090909091,0,0.635077221,0.063636364,11,0.163636364,0,0.163636364,0.390909091,0.145454545,0,0,0.063824891,-0.868529024,0.312780954,0.928380038,2.192300126,-0.819962864,-1.096900102,0.181818182,0,0.181818182,0.545454545,0.181818182,0,0,0.101699146,0.123376623,0.836363636,1,6.908754779,0.392545976,1.089110451,0.392545976,1.089110451,0.740828214,0.880141109,0.601515319,-0.429832376,-0.177278986,-0.251673284,-0.24882109,-0.401244414,0.597750833,0.222902679,XM,978,11
2—28,0.028571429,0,0.028571429,-0.028571429,0,-0.343164526,-0.83348885,-0.556911258,-1.713517222,-0.685193816,0.035714286,0,0.035714286,0.035714286,0,-0.826455134,0.005714286,28,0.342857143,0.092857143,0.2125,0.430952381,0.2,-0.028571429,0.057142857,1.393550018,0.978185426,0.795308148,1.220722067,3.337953884,-1.555751322,0.10894796,0.428571429,0.107142857,0.25,0.535714286,0.25,0.035714286,0.071428571,0.896988026,0.186819728,0.767857143,1,6.908754779,-0.038243756,1.089110451,-0.038243756,1.089110451,0.525433348,0.750904189,0.299962506,-0.381961403,-0.567284031,0.650315962,-0.784547587,-0.17879295,0.570354802,0.492771892,MZ,979,28
2—29,0.196450939,0.080480167,0.340431454,0.350556715,0.098956159,3.590099717,2.243961282,5.858724621,3.445609065,2.680814134,0.221294363,0.09394572,0.402922756,0.438413361,0.118997912,3.563841764,0.213375087,479,0.005845511,0.001670146,0.235003479,0.640779402,0.349582463,0.003340292,0.168719555,-1.106901303,-0.835313669,1.017529448,2.752595622,6.479731925,-0.733941667,2.463477489,0.010438413,0.002087683,0.260960334,0.732776618,0.438413361,0.006263048,0.217118998,1.433882549,0.200705836,0.904384134,0.99,4.500819262,0.820279615,-0.403035099,0.820279615,-0.403035099,0.208622258,-0.036040685,0.453285201,0.996308231,-0.37018512,1.13389605,0.176853118,-0.355055216,0.108631826,0.774407684,JH,900,479
2—30,0.031818182,0,0.007272727,0.027272727,0,-0.267096051,-0.83348885,-0.995071653,-0.95359724,-0.685193816,0.036363636,0,0.009090909,0.027272727,0,-0.746889522,0.013272727,110,0,0,0,0.089090909,0,0,0,-1.150271963,-0.868529024,-1.303124065,-1.275088752,-0.862776561,-0.819962864,-1.096900102,0,0,0,0.1,0,0,0,-1.053807619,0.012727273,0.906363636,1,6.908754779,0.832727332,1.089110451,0.832727332,1.089110451,0.960918892,1.012195515,0.909642268,-0.025224829,-0.407516237,-0.236302841,-0.130999741,0.196359504,0.463905331,0.476235023,BY,960,110
2—31,0.053888889,0,0.055,0.153611111,0.008333333,0.250000541,-0.83348885,-0.013218328,0.765598994,-0.401734286,0.058333333,0,0.066666667,0.175,0.008333333,-0.046568386,0.054166667,120,0.155833333,0.0575,0.1425,0.391527778,0.066666667,0.034166667,0.028333333,0.005930458,0.275013386,0.104059889,0.932896854,0.537466921,0.059917499,-0.499000438,0.2,0.066666667,0.15,0.441666667,0.083333333,0.041666667,0.033333333,0.202326367,0.125218254,0.8925,1,6.908754779,0.745548557,1.089110451,0.745548557,1.089110451,0.917329504,0.986041883,0.848617125,1.187301788,0.184734273,-0.039566597,-0.390955441,0.561315315,-0.176659839,0.20440653,HF,988,120
2—32,0.027586207,0.019310345,0.017241379,0.05137931,0,-0.366247374,-0.095088006,-0.7899949,-0.625558004,-0.685193816,0.031034483,0.020689655,0.020689655,0.05862069,0,-0.51241642,0.023103448,290,0.156781609,0.080517241,0.15337931,0.227758621,0.008275862,0.024137931,0.025172414,0.012966173,0.732773241,0.211492808,-0.262724378,-0.688953232,-0.198348478,-0.56570324,0.206896552,0.096551724,0.182758621,0.255172414,0.010344828,0.027586207,0.034482759,-0.108356729,0.096574713,0.826206897,1,6.908754779,0.328677297,1.089110451,0.328677297,1.089110451,0.708893874,0.860980505,0.556807243,0.376303872,-0.731397391,-0.493605474,0.058758616,0.499665253,0.189890356,0.120841463,XM,598,290
2—33,0.038732394,0.002112676,0.033802817,0.081220657,0.025352113,-0.10510234,-0.752703044,-0.449290274,-0.219480851,0.177161938,0.042253521,0.014084507,0.042253521,0.091549296,0.028169014,-0.269882914,0.036244131,142,0.105633803,0.030985915,0.110680751,0.252464789,0.050704225,0.044131455,0.076760563,-0.366523994,-0.252290616,-0.210154401,-0.082353302,0.202197355,0.316536678,0.522927489,0.147887324,0.035211268,0.281690141,0.352112676,0.063380282,0.077464789,0.126760563,0.018619887,0.095908786,0.592253521,0.94,2.736069275,-1.142492904,-1.496612489,-1.142492904,-1.496612489,-1.319552697,-1.390376614,-1.24872878,-0.779705218,0.948127309,0.295000077,-0.295418203,1.00519031,0.062511805,0.199315696,AG,858,142
2—34,0.085057471,0.038505747,0.055172414,0.137701149,0.009195402,0.980252076,0.638917594,-0.009671403,0.549098312,-0.372410886,0.114942529,0.045977011,0.068965517,0.172413793,0.011494253,0.357237139,0.065126437,87,0.251340996,0.068965517,0.198275862,0.32710728,0.082758621,0.029885057,0.028735632,0.714547727,0.503036085,0.65484514,0.46258537,0.875456727,-0.050345052,-0.49051099,0.298850575,0.08045977,0.218390805,0.402298851,0.103448276,0.034482759,0.045977011,0.381373572,0.141009852,0.797701149,0.94,2.736069275,0.149424463,-1.496612489,0.149424463,-1.496612489,-0.673594013,-1.002801404,-0.344386623,1.183333913,0.439136041,0.046993985,-0.596087415,0.026755199,-0.169284048,0.391054679,CS,949,87
2—35,0,0,0.008163265,0.010204082,0.008163265,-1.01256711,-0.83348885,-0.976751358,-1.185865141,-0.407519174,0,0,0.010204082,0.030612245,0.010204082,-0.883238327,0.005306122,98,0.032653061,0.008163265,0.014285714,0.097959184,0.008163265,0,0,-0.908003203,-0.706180501,-1.162052992,-1.210344587,-0.691318175,-0.819962864,-1.096900102,0.040816327,0.010204082,0.030612245,0.112244898,0.010204082,0,0,-0.942108918,0.02303207,0.835714286,1,6.908754779,0.388462661,1.089110451,0.388462661,1.089110451,0.738786556,0.878916114,0.598656998,-0.580937626,0.35448697,0.046369488,-0.43004931,0.223497874,0.218001964,0.175658882,XM,714,98
2—36,0,0,0,0,0,-1.01256711,-0.83348885,-1.144687398,-1.324720952,-0.685193816,0,0,0,0,0,-1.000131625,0,3,0,0,0,-0.266666667,0,0,0,-1.150271963,-0.868529024,-1.303124065,-3.872350157,-0.862776561,-0.819962864,-1.096900102,0,0,0,0.333333333,0,0,0,-1.424844962,-0.038095238,-0.266666667,0.94,2.736069275,-6.543645093,-1.496612489,-6.543645093,-1.496612489,-4.020128791,-3.01072227,-5.029535312,1.070517215,0.342928995,0.270159506,-0.6910613,0.182661317,-0.260639516,0.436524352,YG,610,3
2—37,0.053333333,0.005555556,0.058611111,0.071759259,-0.013055556,0.23698438,-0.6210521,0.061070045,-0.34823032,-1.129280413,0.055555556,0.005555556,0.066666667,0.080555556,0.033333333,-0.360101682,0.035240741,360,0.41875,0.071666667,0.250740741,0.423425926,0.028888889,0.060277778,0.169305556,1.956635612,0.556755718,1.172934511,1.165774057,-0.256004385,0.732346395,2.475843481,0.45,0.088888889,0.277777778,0.533333333,0.036111111,0.072222222,0.219444444,1.114897913,0.203293651,0.928888889,1,6.908754779,0.974372992,1.089110451,0.974372992,1.089110451,1.031741722,1.054689213,1.00879423,-0.029934775,-0.32794771,-0.21563668,-0.311225378,-0.294524298,0.570478632,0.583276176,BC,698,360
2—38,0.044642857,0,0.044642857,0.051785714,0.014285714,0.033374427,-0.83348885,-0.226287179,-0.620027713,-0.199263193,0.053571429,0,0.053571429,0.089285714,0.017857143,-0.369138501,0.031071429,56,0,0,0.172619048,0.228571429,0.014285714,0,0.019642857,-1.150271963,-0.868529024,0.401484735,-0.256790353,-0.562724386,-0.819962864,-0.682389831,0,0,0.196428571,0.25,0.017857143,0,0.035714286,-0.562740527,0.062159864,0.7375,0.98,3.844050022,-0.229138732,-0.810020789,-0.229138732,-0.810020789,-0.51957976,-0.635756172,-0.403403349,0.174108995,-0.204853994,0.784735585,0.60577091,1.027442426,-0.536554603,-0.015154745,HX,543,56
2—39,0.0245,0,0,0.045333333,0,-0.438554394,-0.83348885,-1.144687398,-0.70783087,-0.685193816,0.03,0,0,0.05,0,-0.761951066,0.013966667,100,0.028,0.024,0.0345,0.122,0.016,0,0.008,-0.942526501,-0.391224366,-0.962437423,-1.03483101,-0.526718125,-0.819962864,-0.928081374,0.04,0.03,0.04,0.13,0.02,0,0.02,-0.800825952,0.033214286,0.857,0.99,4.500819262,0.522313726,-0.403035099,0.522313726,-0.403035099,0.059639314,-0.125430451,0.244709079,-0.341209866,-0.226321074,0.276071424,-0.203460896,-0.587306749,0.612323653,0.07428123,ZH,899,100
2—40,0.013684211,0.004210526,0.021578947,0.043157895,0,-0.691958504,-0.672484155,-0.700761734,-0.737433955,-0.685193816,0.015789474,0.005263158,0.026315789,0.047368421,0,-0.697566433,0.016526316,190,0.019649123,0.016842105,0.054385965,0.115175439,0.012631579,0,0.007894737,-1.004485674,-0.533578387,-0.766064015,-1.084654742,-0.59746727,-0.819962864,-0.930302673,0.026315789,0.021052632,0.063157895,0.131578947,0.015789474,0.005263158,0.010526316,-0.819502232,0.032368421,0.879473684,1,6.908754779,0.663635109,1.089110451,0.663635109,1.089110451,0.87637278,0.961467849,0.791277712,0.254919394,-0.306868906,-0.111355666,-0.446512031,-0.405294175,0.54057123,0.106757496,ZL,897,190
2—41,0.024472574,0,0,0.046202532,0,-0.439196964,-0.83348885,-1.144687398,-0.696002933,-0.685193816,0.025316456,0,0,0.050632911,0,-0.759713992,0.014135021,79,0,0,0,0.083544304,0,0,0,-1.150271963,-0.868529024,-1.303124065,-1.315582574,-0.862776561,-0.819962864,-1.096900102,0,0,0,0.088607595,0,0,0,-1.05959245,0.011934901,0.897468354,1,6.908754779,0.776791086,1.089110451,0.776791086,1.089110451,0.932950768,0.995414641,0.870486895,-1.509769882,1.838656444,0.546336013,0.59277224,-0.053398368,-0.11826891,0.793394375,YH,617,79
2—42,0.074091627,0.042180095,0.098657188,0.104439179,0.016587678,0.723332324,0.77941956,0.884904543,0.096473755,-0.120961576,0.085308057,0.045813586,0.116903633,0.115323855,0.018957346,0.472633721,0.067191153,633,0.389139021,0.010110585,0.265218536,0.349473407,0.02906793,0.069246972,0.170958399,1.736937519,-0.667452812,1.31590238,0.625872629,-0.252243858,0.963326433,2.51072235,0.500789889,0.012638231,0.344391785,0.402843602,0.039494471,0.090047393,0.248025276,0.890437806,0.183316407,0.811532385,0.97,3.444339264,0.236399495,-1.057712899,0.236399495,-1.057712899,-0.410656702,-0.669479181,-0.151834224,0.304947882,0.884860813,0.778504436,0.413156985,0.717188299,0.638515833,-0.322062967,BR,515,633
2—43,0.023717949,0.029166667,0.060940171,0.059551282,0.002820513,-0.456877145,0.281804091,0.108983848,-0.51435488,-0.589253667,0.028205128,0.032051282,0.076923077,0.084615385,0.005128205,-0.233939551,0.035239316,780,0.241004274,0.085384615,0.147628205,0.269299145,0.066410256,0.024038462,0.043952991,0.637854611,0.829574086,0.154700787,0.040548436,0.532081369,-0.200910076,-0.169389084,0.308974359,0.111538462,0.212820513,0.337179487,0.087179487,0.052564103,0.078205128,0.260637161,0.125388278,0.668589744,0.96,3.154402342,-0.662467448,-1.237380537,-0.662467448,-1.237380537,-0.949923993,-1.06490661,-0.834941375,0.539733733,-0.51528049,-0.255897247,-0.342257612,0.059887178,0.388367212,0.025219055,LG,648,780
2—44,0.045631068,0.017475728,0.049514563,0.145307443,0,0.056527308,-0.165241207,-0.12606564,0.652603767,-0.685193816,0.048543689,0.019417476,0.058252427,0.174757282,0,-0.053473918,0.051585761,103,0.207119741,0.074757282,0.230097087,0.332038835,0.069902913,0.083495146,0.06407767,0.386448975,0.618220922,0.969078948,0.498588927,0.605439905,1.33025389,0.255288745,0.27184466,0.087378641,0.262135922,0.368932039,0.087378641,0.106796117,0.087378641,0.666188616,0.151641239,0.855339806,0.99,4.500819262,0.511873919,-0.403035099,0.511873919,-0.403035099,0.05441941,-0.128562394,0.237401214,1.16378583,0.397193957,-0.384367983,-0.02409578,-0.331805809,-0.350800437,0.311886318,NA,518,103
2—45,0.031806616,0.017430025,0.047328244,0.069465649,0.008651399,-0.267367033,-0.166988816,-0.171042952,-0.379441471,-0.39091522,0.03562341,0.020356234,0.058524173,0.083969466,0.010178117,-0.275151098,0.034936387,393,0.192620865,0.054961832,0.171713316,0.192553011,0.066157761,0.029516539,0.069211196,0.278874843,0.224535078,0.392540662,-0.519748198,0.526778039,-0.059835348,0.363618162,0.246819338,0.078880407,0.262086514,0.272264631,0.086513995,0.053435115,0.1043257,0.172394748,0.110962074,0.703053435,0.98,3.844050022,-0.445749241,-0.810020789,-0.445749241,-0.810020789,-0.627885015,-0.700739325,-0.555030705,1.149810474,-0.047169736,-0.328444433,-0.108673049,-0.31132435,0.051777493,0.29155535,FI,643,393
2—46,0.017763158,-0.001973684,0.036842105,0.14002193,0.005263158,-0.596392477,-0.908959801,-0.386765533,0.580679189,-0.506166744,0.026315789,0.013157895,0.046052632,0.177631579,0.006578947,-0.363521073,0.039583333,152,0.169078947,0.023684211,0.038815789,0.163157895,0.026315789,-0.007988722,0.024561404,0.104206037,-0.397504691,-0.91981911,-0.734351643,-0.310048871,-1.02569319,-0.578596988,0.210526316,0.026315789,0.059210526,0.210526316,0.032894737,0.039473684,0.039473684,-0.551686922,0.062517902,0.648026316,0.95,2.92568843,-0.791776556,-1.379109601,-0.791776556,-1.379109601,-1.085443078,-1.202909687,-0.967976469,1.302348308,0.15222642,0.361742498,-0.845783407,0.421935183,-0.11769095,0.20711529,LS,758,152
2—47,0,0.008433735,0.028915663,0.133333333,0.012048193,-1.01256711,-0.510994506,-0.549829617,0.489661641,-0.275372808,0.024096386,0.012048193,0.036144578,0.156626506,0.012048193,-0.37182048,0.036546185,83,0.234939759,0.040963855,0.124096386,0.172289157,0.009638554,0.079518072,0.089959839,0.592859063,-0.053852399,-0.077675345,-0.667687499,-0.66033172,1.227833927,0.801463113,0.277108434,0.048192771,0.180722892,0.277108434,0.012048193,0.096385542,0.168674699,0.16608702,0.10734366,0.742168675,0.98,3.844050022,-0.199780681,-0.810020789,-0.199780681,-0.810020789,-0.504900735,-0.626948757,-0.382852713,1.214667221,0.837630085,0.861667534,0.383208558,-0.442786889,0.697156785,-0.503701065,JO,508,83
2—48,0.029389313,0.017938931,0.051335878,0.093829517,0.020229008,-0.324002239,-0.147528961,-0.088597253,-0.04790114,0.002898784,0.032442748,0.022900763,0.062977099,0.110687023,0.02480916,-0.121026162,0.042544529,524,0.083874046,0.034732824,0.117684478,0.376062341,0.034732824,0.015458015,0.033396947,-0.527970092,-0.177773237,-0.140992769,0.819989119,-0.133260396,-0.421878842,-0.392146344,0.110687023,0.040076336,0.133587786,0.417938931,0.045801527,0.019083969,0.040076336,-0.139147509,0.099420211,0.903435115,1,6.908754779,0.814311893,1.089110451,0.814311893,1.089110451,0.951711172,1.006670884,0.896751461,-0.260845204,-0.200474933,-0.50587869,-0.027135729,-0.32156233,0.542255873,0.042140342,OK,599,524
2—49,0.012074303,0.005572755,0.00495356,0.023529412,0.00495356,-0.729677164,-0.620394401,-1.042781937,-1.004535788,-0.516697748,0.012383901,0.00619195,0.00619195,0.027863777,0.00619195,-0.782817408,0.010216718,323,0.008668731,0.00247678,0.008049536,0.183900929,0,0.001857585,0,-1.085954482,-0.819271578,-1.223635101,-0.582914019,-0.862776561,-0.772125225,-1.096900102,0.009287926,0.003095975,0.009287926,0.204334365,0,0.00619195,0,-0.92051101,0.02927908,0.914551084,0.99,4.500819262,0.884212498,-0.403035099,0.884212498,-0.403035099,0.2405887,-0.01686082,0.498038219,-0.007966052,-0.672551355,-0.161613642,-0.553720709,0.234379143,0.563268152,0.074392679,BS,556,323
3—1,0.06057971,0.036714976,0.087246377,0.107149758,0.010869565,0.406760397,0.570440981,0.650159453,0.133358973,-0.315463994,0.066666667,0.04057971,0.105797101,0.123188406,0.01884058,0.289051162,0.060512077,690,0.425,0.134492754,0.254130435,0.370590062,0.077149758,0.057125604,0.111980676,2.003007367,1.806221716,1.206407655,0.780037928,0.757650135,0.651169734,1.266154326,0.489855072,0.166666667,0.307246377,0.431884058,0.097101449,0.07826087,0.162318841,1.210092695,0.204352756,0.812101449,0.96,3.154402342,0.239977941,-1.237380537,0.239977941,-1.237380537,-0.498701298,-0.794172994,-0.203229602,0.052774993,-0.460421142,-0.027848126,-0.368548918,-0.105391353,-0.127002703,-0.680440635,LG,1199,690
3—2,0,0,0.036363636,0.036363636,0,-1.01256711,-0.83348885,-0.396608674,-0.829889336,-0.685193816,0,0,0.045454545,0.045454545,0,-0.751549557,0.014545455,22,0.253030303,0.081818182,0.120454545,0.224242424,0.054545455,0.077272727,0.140909091,0.727081506,0.758645946,-0.113638426,-0.288394896,0.282877197,1.170010464,1.876611598,0.363636364,0.090909091,0.136363636,0.272727273,0.136363636,0.136363636,0.181818182,0.630456198,0.136038961,0.713636364,1,6.908754779,-0.379200558,1.089110451,-0.379200558,1.089110451,0.354954947,0.648617148,0.061292745,-0.075713525,-0.587517629,-0.616514942,-0.09720618,0.119154312,0.189226722,-0.574897512,ZX,1251,22
3—3,0,0,0,0,0,-1.01256711,-0.83348885,-1.144687398,-1.324720952,-0.685193816,0,0,0,0,0,-1.000131625,0,102,0.017647059,0,0,0.098039216,0,0,0.015686275,-1.019339949,-0.868529024,-1.303124065,-1.209760301,-0.862776561,-0.819962864,-0.765882987,0.019607843,0,0,0.107843137,0,0,0.019607843,-0.97848225,0.018767507,0.853921569,1,6.908754779,0.502955611,1.089110451,0.502955611,1.089110451,0.796033031,0.913263999,0.678802063,0.054185461,-0.569641234,-0.262628398,-0.216563992,0.249472047,0.547799551,-0.003222678,JN,1058,102
3—4,0.011940299,0,0,0.011940299,0.013432836,-0.732816777,-0.83348885,-1.144687398,-1.162238929,-0.228273976,0.014925373,0,0,0.014925373,0.014925373,-0.820301186,0.007462687,67,0.037313433,0.013432836,0.059701493,0.135820896,0,0.011940299,0,-0.873425665,-0.601380895,-0.713573312,-0.933929495,-0.862776561,-0.512469181,-1.096900102,0.044776119,0.014925373,0.059701493,0.149253731,0,0.014925373,0,-0.799207887,0.036886994,0.843283582,0.97,3.444339264,0.436060706,-1.057712899,0.436060706,-1.057712899,-0.310826097,-0.609580818,-0.012071376,-0.147367376,0.764448026,-0.283612197,-0.044311504,0.767608845,-0.203472957,-0.20006655,JN,1408,67
3—5,0.04783715,0.020101781,0.072773537,0.097709924,0.006615776,0.108213806,-0.064824577,0.352421804,0.004902933,-0.460157242,0.053435115,0.022900763,0.086513995,0.124681934,0.007633588,-0.011888655,0.049007634,393,0.242917727,0.103307888,0.182442748,0.279092451,0.051399491,0.026717557,0.077184054,0.652051442,1.18602665,0.498493533,0.112045932,0.216800475,-0.131916406,0.531864138,0.307888041,0.127226463,0.236641221,0.323155216,0.063613232,0.055979644,0.114503817,0.437909395,0.137580274,0.757760814,0.97,3.444339264,-0.10173255,-1.057712899,-0.10173255,-1.057712899,-0.579722725,-0.770918794,-0.388526655,-0.085144025,-0.464993846,-0.910501685,0.310728784,0.357839981,0.175164758,-0.000553791,LG,1299,393
3—6,0.019883041,0,0.064912281,0.093567251,0,-0.546725546,-0.83348885,0.190698745,-0.051470009,-0.685193816,0.035087719,0,0.070175439,0.140350877,0,-0.385235895,0.035672515,57,0.336842105,0.059649123,0.098245614,0.279824561,0.028070175,0.059649123,0.073684211,1.348921562,0.317754482,-0.332951071,0.117390811,-0.273200358,0.716156898,0.458009242,0.403508772,0.070175439,0.105263158,0.385964912,0.035087719,0.070175439,0.105263158,0.336011652,0.133709273,0.754385965,0.99,4.500819262,-0.122954633,-0.403035099,-0.122954633,-0.403035099,-0.262994866,-0.319010959,-0.206978773,-0.426322593,0.065874429,-0.252023175,-0.475450107,0.337292144,-0.060403413,-0.798762036,MY,1370,57
3—7,0.028333333,0,0.048333333,0.146944444,0.02,-0.348742881,-0.83348885,-0.150366094,0.674879864,-0.004890943,0.05,0,0.058333333,0.158333333,0.025,-0.132521781,0.048722222,120,0.038333333,0,0.045,0.311666667,0.013333333,0,0.006666667,-0.865858533,-0.868529024,-0.858750185,0.349858865,-0.582727864,-0.819962864,-0.956217828,0.041666667,0,0.05,0.341666667,0.016666667,0,0.008333333,-0.657455348,0.059285714,0.880833333,0.99,4.500819262,0.672184998,-0.403035099,0.672184998,-0.403035099,0.134574949,-0.08046907,0.349618969,0.02760277,-0.565940902,-0.075654258,-0.535596393,0.219937491,-0.033227794,-0.157745274,DB,1060,120
3—8,0.022222222,0.057777778,0.053333333,0.228518519,0,-0.491920656,1.375853357,-0.04750527,1.784929214,-0.685193816,0.022222222,0.066666667,0.066666667,0.266666667,0,0.387232566,0.07237037,45,0.222222222,0.115555556,0.26,0.542592593,0.094814815,0.075555556,0.097777778,0.498501543,1.429604514,1.264369466,2.035768135,1.128680835,1.125788834,0.966439916,0.333333333,0.133333333,0.333333333,0.666666667,0.155555556,0.088888889,0.111111111,1.207021892,0.201216931,0.813333333,1,6.908754779,0.247724404,1.089110451,0.247724404,1.089110451,0.668417428,0.836694637,0.500140218,0.18998005,-0.609794486,-0.148835501,-0.340586618,0.246078579,0.331561706,-0.265993675,MZ,1439,45
3—9,0.070865533,0.022488408,0.079160227,0.113897476,0.014219474,0.647747877,0.02643673,0.483809839,0.225181026,-0.201516349,0.080370943,0.030911901,0.095826893,0.14374034,0.021638331,0.236331825,0.060126224,647,0.416074189,0.073724884,0.294023699,0.462081401,0.140958269,0.128387429,0.114605873,1.936782481,0.597688917,1.600352648,1.447984138,2.097861898,2.486346732,1.321552127,0.516228748,0.094281298,0.347758887,0.561051005,0.176197836,0.1561051,0.154559505,1.641224134,0.232836535,0.844358578,1,6.908754779,0.442820608,1.089110451,0.442820608,1.089110451,0.76596553,0.895223498,0.636707561,0.157897394,-0.633542933,-0.719086163,0.012626642,0.173761026,0.361618325,-0.006774789,WN,1018,647
3—10,0.052760736,0.026993865,0.084662577,0.147546012,0.009815951,0.22356895,0.198719165,0.597005091,0.683065921,-0.351302836,0.061349693,0.030674847,0.104294479,0.171779141,0.012269939,0.270211258,0.064355828,163,0.30408998,0.117177914,0.228834356,0.486809816,0.042944785,0.062372188,0.073619632,1.105917795,1.461869485,0.956609505,1.628517628,0.039220774,0.786282899,0.456646481,0.380368098,0.147239264,0.26993865,0.588957055,0.153374233,0.085889571,0.104294479,0.919294938,0.187978382,0.825766871,0.99,4.500819262,0.325910283,-0.403035099,0.325910283,-0.403035099,-0.038562408,-0.184351484,0.107226669,-0.55000756,-0.908002608,-0.331411583,0.158439175,0.239826059,0.05717188,-0.226600997,PG,1459,163
3—11,0.038340807,0.032735426,0.083408072,0.087107623,0.005829596,-0.114276871,0.418268506,0.571197209,-0.139371786,-0.486899257,0.042600897,0.038116592,0.100896861,0.116591928,0.006726457,0.04978356,0.049484305,446,0.344431988,0.131390135,0.207324365,0.357675635,0.105829596,0.031726457,0.066629297,1.405234551,1.744517777,0.744198878,0.685754223,1.360031477,-0.002924224,0.30913406,0.423766816,0.152466368,0.284753363,0.426008969,0.1367713,0.062780269,0.105381166,0.892278106,0.177858211,0.757847534,0.96,3.154402342,-0.101187232,-1.237380537,-0.101187232,-1.237380537,-0.669283885,-0.896522546,-0.442045224,1.039012828,-0.167095672,-0.870367901,0.277195521,-0.385146753,-0.32598879,0.126868881,LG,1099,446
3—12,0.028125,0.0234375,0.013802083,0.050260417,0,-0.353623942,0.062728692,-0.860748664,-0.640783763,-0.685193816,0.03125,0.0234375,0.015625,0.0625,0,-0.495524299,0.023125,128,0.0765625,0.0390625,0.123697917,0.207161458,0.00625,0.025,0.0359375,-0.582217966,-0.091665974,-0.081610216,-0.413097043,-0.731503734,-0.176147964,-0.338534719,0.0859375,0.046875,0.1484375,0.25,0.0078125,0.03125,0.0546875,-0.344968231,0.073381696,0.92109375,1,6.908754779,0.925354781,1.089110451,0.925354781,1.089110451,1.007232616,1.03998375,0.974481482,1.174897841,0.413010492,0.018880022,-0.865331853,-0.095568486,-0.435324726,-0.775183654,SM,1375,128
3—13,0.12748538,0.038596491,0.093567251,0.191617934,0.050292398,1.97429939,0.642387523,0.780193529,1.282790874,1.025509314,0.14619883,0.040935673,0.111111111,0.216374269,0.058479532,1.141036126,0.100311891,171,0.057309942,0,0.22202729,0.511608187,0.060818713,0.030409357,0.077192982,-0.725061953,-0.868529024,0.889389904,1.809561847,0.414638545,-0.036842986,0.532052544,0.064327485,0,0.257309942,0.573099415,0.076023392,0.046783626,0.111111111,0.287886982,0.137052353,0.906432749,1,6.908754779,0.833161931,1.089110451,0.833161931,1.089110451,0.961136191,1.012325895,0.909946487,-0.730270911,-1.027826958,0.155006226,0.019583788,0.038365549,-0.748883755,0.038718606,MY,1358,171
3—14,0.015789474,0.029473684,0.044210526,0.088421053,0.010526316,-0.642634103,0.293544017,-0.23518116,-0.121498811,-0.327139673,0.021052632,0.031578947,0.052631579,0.105263158,0.010526316,-0.206581946,0.037684211,95,0.053684211,0.010526316,0.016210526,0.202631579,0.050526316,0,0.008421053,-0.751962995,-0.659184876,-1.143045521,-0.446168105,0.198460604,-0.819962864,-0.919196177,0.063157895,0.010526316,0.021052632,0.221052632,0.063157895,0,0.010526316,-0.648722848,0.048857143,0.867368421,1,6.908754779,0.587513521,1.089110451,0.587513521,1.089110451,0.838311986,0.938631372,0.7379926,1.215567826,0.559272555,-0.570832215,0.091920226,-0.238196136,-0.553123738,-0.023509991,HY,1273,95
3—15,0.044766147,0.023608018,0.029844098,0.067037862,0.012026726,0.036262996,0.069249057,-0.530729692,-0.412478479,-0.276103002,0.051224944,0.024498886,0.035634744,0.082405345,0.013363029,-0.222759824,0.03545657,449,0.236933927,0.091202673,0.133815887,0.334539718,0.033853007,0.052026726,0.090868597,0.607654756,0.945281828,0.018304491,0.516846997,-0.151739782,0.519860394,0.820640024,0.29844098,0.109131403,0.189309577,0.400890869,0.046770601,0.071269488,0.129175947,0.468121244,0.139034362,0.774387528,0.99,4.500819262,0.002821297,-0.403035099,0.002821297,-0.403035099,-0.200106901,-0.28127818,-0.118935622,-0.260591139,-0.583228595,-0.314641039,-0.207226806,0.077209672,0.023018033,-0.137746774,MY,1215,449
3—16,0.02244898,0.018367347,0.052040816,0.088860544,0.006122449,-0.486607937,-0.13114694,-0.074095143,-0.115518267,-0.476937835,0.025510204,0.023809524,0.06292517,0.103741497,0.006802721,-0.256861224,0.037568027,588,0.29739229,0.06377551,0.20212585,0.281148769,0.064512472,0.057823129,0.086394558,1.056224418,0.399818813,0.692863678,0.127058387,0.492220958,0.669132823,0.726227326,0.365646259,0.090136054,0.241496599,0.336734694,0.081632653,0.086734694,0.12755102,0.594792343,0.150453226,0.770068027,0.96,3.154402342,-0.02434104,-1.237380537,-0.02434104,-1.237380537,-0.630860789,-0.873468688,-0.38825289,0.161180232,-0.675840158,-0.398614752,0.05634733,0.128816532,0.172215321,0.324491425,LG,1399,588
3—17,0,0,0.008163265,0.010204082,0.008163265,-1.01256711,-0.83348885,-0.976751358,-1.185865141,-0.407519174,0,0,0.010204082,0.030612245,0.010204082,-0.883238327,0.005306122,98,0.03537415,0.008163265,0.014285714,0.1,0.008163265,0,0,-0.88781414,-0.706180501,-1.162052992,-1.195445302,-0.691318175,-0.819962864,-1.096900102,0.040816327,0.010204082,0.030612245,0.132653061,0.010204082,0,0,-0.937096297,0.023712342,0.834693878,1,6.908754779,0.382046023,1.089110451,0.382046023,1.089110451,0.735578237,0.876991123,0.594165352,-0.654772135,1.012999944,-0.565685617,0.324814376,0.532756319,-0.327472628,-0.228000502,XM,1158,98
3—18,0.055867347,0.024489796,0.054591837,0.082653061,0.041836735,0.296354014,0.10296703,-0.02161513,-0.199988885,0.737888723,0.066326531,0.035714286,0.066326531,0.091836735,0.045918367,0.18312115,0.051887755,196,0.266156463,0.054081633,0.17627551,0.286394558,0.032653061,0.059736395,0.050255102,0.824470795,0.207029941,0.437592212,0.165356053,-0.176943019,0.718404372,-0.036399797,0.321428571,0.06122449,0.198979592,0.346938776,0.040816327,0.076530612,0.066326531,0.305644365,0.132221817,0.770408163,0.99,4.500819262,-0.022202161,-0.403035099,-0.022202161,-0.403035099,-0.21261863,-0.288785218,-0.136452043,-1.150684531,1.742975061,-0.270218036,-0.389705973,-0.108772404,-0.081367208,0.067275397,JN,1148,196
3—19,0.0325,0.01,0.05125,0.1145,0,-0.251121671,-0.451102699,-0.090363947,0.2333801,-0.685193816,0.0375,0.0125,0.0625,0.125,0,-0.248880407,0.04165,80,0.056666667,0.04,0.119166667,0.248125,0.03,0,-0.005,-0.729834719,-0.073021261,-0.126356197,-0.114036579,-0.232666994,-0.819962864,-1.202411808,0.0875,0.05,0.1375,0.2875,0.0375,0.0125,0.025,-0.471184346,0.06985119,0.88875,1,6.908754779,0.721967413,1.089110451,0.721967413,1.089110451,0.905538932,0.97896754,0.832110324,-0.85857963,-0.716579585,-0.743207853,0.989161626,-0.340288026,-0.738807155,-0.176567968,ZQ,1157,80
3—20,0.03558952,0.015720524,0.06055313,0.098471616,0.035371179,-0.178737036,-0.232357783,0.101021569,0.015267939,0.517961919,0.03930131,0.017467249,0.069868996,0.113537118,0.03930131,0.044631322,0.049141194,229,0.231004367,0.031877729,0.182823872,0.277802038,0.017467249,0.038209607,0.05371179,0.563660496,-0.234554497,0.502257121,0.102625076,-0.495900539,0.164033708,0.036544419,0.283842795,0.03930131,0.200873362,0.340611354,0.021834061,0.069868996,0.069868996,0.091237969,0.118985236,0.765065502,0.99,4.500819262,-0.055798444,-0.403035099,-0.055798444,-0.403035099,-0.229416772,-0.298864103,-0.159969441,-0.803389031,0.83225075,-0.134597098,-0.21762531,0.708405155,0.118388998,-0.158859774,JN,1338,229
3—21,0.029411765,0,0.007843137,0.064705882,0,-0.323476215,-0.83348885,-0.983337085,-0.444211752,-0.685193816,0.029411765,0,0.009803922,0.068627451,0,-0.653941544,0.020392157,102,0,0,0.007843137,0.118627451,0.007843137,0,0,-1.150271963,-0.868529024,-1.22567328,-1.059452809,-0.698042034,-0.819962864,-1.096900102,0,0,0.009803922,0.12745098,0.009803922,0,0,-0.988404582,0.019187675,0.884313725,1,6.908754779,0.694070765,1.089110451,0.694070765,1.089110451,0.891590608,0.970598545,0.812582671,0.767423842,0.701726447,0.328446444,-0.222026572,-0.690255214,-0.135434422,-0.260413333,XM,1358,102
3—22,0.030120482,0.018473896,0.102008032,0.140495315,0.024096386,-0.306871615,-0.127072667,0.953838661,0.587120947,0.134448199,0.044176707,0.020080321,0.120481928,0.164658635,0.02811245,0.248292705,0.063038822,249,0.003212851,-0.003212851,0.125903614,0.361378849,0.051137885,0.004016064,0.036947791,-1.126434274,-0.93242523,-0.059829005,0.712790087,0.211305788,-0.716538784,-0.31721521,0.004016064,0.004016064,0.152610442,0.401606426,0.072289157,0.008032129,0.060240964,-0.318335233,0.082769172,0.835341365,1,6.908754779,0.386117625,1.089110451,0.386117625,1.089110451,0.737614038,0.878212603,0.597015473,-0.096582463,-0.493458786,-0.755255177,0.030977213,-0.239208609,0.13086191,-0.25122685,HP,1338,249
3—23,0.053061224,0,0.12244898,0.257142857,0.069387755,0.230609117,-0.83348885,1.374353203,2.174445477,1.67504064,0.06122449,0,0.142857143,0.306122449,0.081632653,0.924191917,0.100408163,49,0,0,0.020408163,0.278231293,0.097959184,0,0.024489796,-1.150271963,-0.868529024,-1.10159396,0.105758914,1.194724065,-0.819962864,-0.580108075,0,0,0.020408163,0.306122449,0.12244898,0,0.06122449,-0.459997558,0.060155491,0.906122449,1,6.908754779,0.831210672,1.089110451,0.831210672,1.089110451,0.960160562,1.011740517,0.908580606,-0.640269409,-0.786647957,2.061611066,-1.178521241,-0.116844361,-0.101445965,-0.560062372,RC,1468,49
3—24,0.028,0,0.008,0.0445,0.008,-0.356552578,-0.83348885,-0.980110079,-0.719170761,-0.413072667,0.03,0,0.01,0.05,0.01,-0.660478987,0.0177,100,0,0,0,0.164,0,0,0,-1.150271963,-0.868529024,-1.303124065,-0.728203727,-0.862776561,-0.819962864,-1.096900102,0,0,0,0.17,0,0,0,-0.975681187,0.023428571,0.916,1,6.908754779,0.893323727,1.089110451,0.893323727,1.089110451,0.991217089,1.030374434,0.952059744,-1.06905958,0.711311741,-0.351648878,0.05671896,0.288632738,-0.0364622,-0.43379631,SM,1439,100
3—25,0.04963145,0.033742834,0.043857494,0.081900082,0.003685504,0.150252612,0.456790383,-0.242443802,-0.21023533,-0.559830879,0.058968059,0.036855037,0.054054054,0.093366093,0.004914005,-0.081093403,0.042563473,407,0.192547093,0.092383292,0.149058149,0.310778051,0.034398034,0.016380016,0.027027027,0.278327489,0.968761633,0.168821448,0.343371391,-0.140292209,-0.39813492,-0.526566559,0.223587224,0.113022113,0.181818182,0.363636364,0.061425061,0.044226044,0.049140049,0.099184039,0.117510238,0.810565111,0.99,4.500819262,0.230316975,-0.403035099,0.230316975,-0.403035099,-0.086359062,-0.213029477,0.040311353,-0.892594271,-0.623664588,-0.607027803,0.431132632,0.185448937,-0.056710777,0.482785579,SM,1398,407
3—26,0.037795276,0,0.088188976,0.124409449,0.091338583,-0.12705818,-0.83348885,0.669550767,0.368226586,2.421701192,0.047244094,0,0.102362205,0.157480315,0.102362205,0.499786303,0.068346457,127,0,0,0,0.142782152,0.088188976,0,0.044094488,-1.150271963,-0.868529024,-1.303124065,-0.883107799,0.989514029,-0.819962864,-0.166403172,0,0,0,0.165354331,0.11023622,0,0.05511811,-0.600269266,0.039295088,0.896850394,1,6.908754779,0.77290516,1.089110451,0.77290516,1.089110451,0.931007806,0.994248864,0.867766747,-0.188826913,-0.19048183,-0.361877881,0.255412334,0.694779319,-0.374041854,0.02414811,QY,1157,127
3—27,0.054166667,0,0.052380952,0.104166667,0.035714286,0.256508622,-0.83348885,-0.067097808,0.092765449,0.529632742,0.06547619,0,0.06547619,0.119047619,0.041666667,-0.004335969,0.049285714,168,0.01547619,0.004761905,0.04265873,0.24156746,0.047619048,0.004761905,0.020238095,-1.035446665,-0.773825719,-0.881870166,-0.161910879,0.137397355,-0.697331455,-0.669828913,0.017857143,0.005952381,0.047619048,0.273809524,0.05952381,0.005952381,0.023809524,-0.583259492,0.053869048,0.905357143,0.99,4.500819262,0.826398194,-0.403035099,0.826398194,-0.403035099,0.211681547,-0.034205111,0.457568206,-0.681240135,-0.225705057,0.344069923,-0.53555127,0.459412049,-0.220469862,-0.583942777,XX,1109,168
3—28,0.141836735,0.081632653,0.105102041,0.155442177,0.071428571,2.310538574,2.288030752,1.017489118,0.790515898,1.7444593,0.163265306,0.091836735,0.132653061,0.173469388,0.081632653,1.630206728,0.111088435,98,0.168197279,0.053061224,0.272993197,0.367517007,0.089795918,0.008163265,0.084693878,0.097664515,0.186736376,1.392676966,0.757602628,1.02326568,-0.609737591,0.690338991,0.204081633,0.06122449,0.326530612,0.418367347,0.112244898,0.020408163,0.12244898,0.505506795,0.14920311,0.813265306,1,6.908754779,0.247296628,1.089110451,0.247296628,1.089110451,0.66820354,0.836566304,0.499840775,-1.190377754,1.960778617,-0.288478617,-0.357628536,-0.109567083,0.168898768,-0.005730773,AY,1056,98
3—29,0.008247423,0,0.016494845,0.068041237,0,-0.819337498,-0.83348885,-0.805352719,-0.39882468,-0.685193816,0.010309278,0,0.020618557,0.072164948,0,-0.708439513,0.018556701,97,0,0,0,0.068041237,0.002061856,0,0.008247423,-1.150271963,-0.868529024,-1.303124065,-1.428765031,-0.819470061,-0.819962864,-0.922860176,0,0,0,0.072164948,0.020618557,0,0.010309278,-1.044711884,0.011192931,0.856701031,1,6.908754779,0.520433718,1.089110451,0.520433718,1.089110451,0.804772084,0.918507431,0.691036738,-0.104507385,-0.191389007,-0.398272461,-0.078160666,-0.338794612,0.299750971,0.083239377,HP,1468,97
3—30,0,0,0,-0.4,0,-1.01256711,-0.83348885,-1.144687398,-6.767868731,-0.685193816,0,0,0,0.5,0,-2.088761181,-0.08,2,0.4,0,0,0.025,0,-0.1,0,1.817520348,-0.868529024,-1.303124065,-1.742994022,-0.862776561,-3.395222465,-1.096900102,0.5,0,0,1,0,0.5,0,-1.064575127,0.046428571,0.1,0.99,4.500819262,-4.237933226,-0.403035099,-4.237933226,-0.403035099,-2.320484163,-1.553504537,-3.087463788,0.18998005,-0.609794486,-0.148835501,-0.340586618,0.246078579,0.331561706,-0.265993675,MZ,1099,2
3—31,0,0.025974026,0.012987013,0.012987013,0,-1.01256711,0.159721932,-0.877516425,-1.147995375,-0.685193816,0,0.025974026,0.012987013,0.012987013,0,-0.712710159,0.01038961,77,0.092857143,0.041558442,0.075324675,0.216233766,0.020779221,0,0.035064935,-0.461320176,-0.042027452,-0.55929477,-0.346863302,-0.426337034,-0.819962864,-0.356947882,0.103896104,0.051948052,0.077922078,0.233766234,0.025974026,0,0.038961039,-0.430393354,0.068831169,0.881818182,1,6.908754779,0.678378025,1.089110451,0.678378025,1.089110451,0.883744238,0.965890723,0.801597753,-0.254570045,-0.546473111,-0.535732867,-0.114823573,0.059466035,0.091741287,-0.379018524,WL,1020,77
3—32,0,0,0,0,0,-1.01256711,-0.83348885,-1.144687398,-1.324720952,-0.685193816,0,0,0,0,0,-1.000131625,0,3,0,0,0.266666667,0.9,0,0.266666667,0,-1.150271963,-0.868529024,1.330202633,4.645074382,-0.862776561,6.047396072,-1.096900102,0,0,0.333333333,1,0,0.333333333,0,1.149170777,0.204761905,0.833333333,1,6.908754779,0.373490506,1.089110451,0.373490506,1.089110451,0.731300479,0.874424468,0.58817649,-0.121776908,0.12153801,-0.423357877,-0.059087815,0.526914019,0.001451982,-0.78854007,HL,1158,3
3—33,0.01,0.02,0.02,0.073125,0,-0.778276206,-0.068716548,-0.7332441,-0.329645499,-0.685193816,0.0125,0.025,0.025,0.1125,0,-0.519015234,0.024625,80,0.1125,0.0575,0.07125,0.128125,0.06,0.03125,0.04125,-0.315580376,0.275013386,-0.599532088,-0.990114532,0.397442573,-0.015194239,-0.226428532,0.2,0.1125,0.125,0.225,0.075,0.0625,0.0625,-0.210627687,0.071696429,0.58,0.96,3.154402342,-1.219546783,-1.237380537,-1.219546783,-1.237380537,-1.22846366,-1.232030411,-1.22489691,0.978024995,0.150950787,-0.195939798,-0.027069441,0.115526135,-0.191453994,0.222112734,CS,1007,80
3—34,0.031818182,0,0.007272727,0.027272727,0,-0.267096051,-0.83348885,-0.995071653,-0.95359724,-0.685193816,0.036363636,0,0.009090909,0.027272727,0,-0.746889522,0.013272727,110,0,0,0,0.082727273,0,0,0.007272727,-1.150271963,-0.868529024,-1.303124065,-1.321547431,-0.862776561,-0.819962864,-0.943428531,0,0,0,0.090909091,0,0,0.009090909,-1.038520063,0.012857143,0.905454545,1,6.908754779,0.827010691,1.089110451,0.827010691,1.089110451,0.958060571,1.010480523,0.905640619,0.137337481,-0.603036218,-0.638010352,-0.081961445,0.08100056,0.199270421,-0.285454956,BY,1398,110
4—1,0.035294118,0.049673203,0.035294118,0.127124183,0.009803922,-0.185658036,1.065945627,-0.418610989,0.405168334,-0.351712016,0.039215686,0.058823529,0.039215686,0.156862745,0.013071895,0.103026584,0.051437908,153,0.277668845,0.118954248,0.143681917,0.337363834,0.015686275,0.040196078,0.015686275,0.909886697,1.497196677,0.115731293,0.537464882,-0.533307506,0.215190505,-0.765882987,0.326797386,0.150326797,0.202614379,0.385620915,0.019607843,0.071895425,0.026143791,0.282325652,0.135605353,0.773202614,0.99,4.500819262,-0.0046298,-0.403035099,-0.0046298,-0.403035099,-0.20383245,-0.283513509,-0.12415139,0.450052136,-0.722625711,-0.856944075,0.371425369,0.012702906,-0.689975251,-0.919359276,MD,1530,153
4—2,0.052760736,0.028220859,0.084662577,0.135276074,0.009815951,0.22356895,0.245637712,0.597005091,0.516098197,-0.351302836,0.061349693,0.030674847,0.104294479,0.159509202,0.012269939,0.246201423,0.062147239,163,0.298568507,0.11595092,0.228220859,0.484764826,0.042535787,0.062372188,0.077300613,1.064951337,1.437467406,0.950551238,1.613587874,0.030630323,0.786282899,0.534323811,0.374233129,0.147239264,0.26993865,0.601226994,0.153374233,0.085889571,0.104294479,0.916827841,0.187101957,0.826993865,0.99,4.500819262,0.333625995,-0.403035099,0.333625995,-0.403035099,-0.034704552,-0.182036771,0.112627667,-0.597834453,-0.223716402,-0.180703611,-0.015406446,-0.644378985,0.370284972,-0.182257269,PG,1969,163
4—3,0,0,0,0,0,-1.01256711,-0.83348885,-1.144687398,-1.324720952,-0.685193816,0,0,0,0,0,-1.000131625,0,3,0,0,0,0.026666667,0,0,0,-1.150271963,-0.868529024,-1.303124065,-1.730826273,-0.862776561,-0.819962864,-1.096900102,0,0,0,0.333333333,0,0,0,-1.118912979,0.003809524,0.166666667,0.93,2.5735794,-3.818712887,-1.59730395,-3.818712887,-1.59730395,-2.708008418,-2.263726631,-3.152290206,0.122297284,0.789385211,-0.453595024,-0.011756615,0.6189936,-0.139472645,-0.045511787,SN,1649,3
4—4,0,0.007,0,0,0,-1.01256711,-0.565818544,-1.144687398,-1.324720952,-0.685193816,0,0.01,0,0,0,-0.946597564,0.0014,100,0.026,0,0.025,0.055,0,0.01,0.007,-0.957365463,-0.868529024,-1.056249687,-1.523974534,-0.862776561,-0.562436904,-0.949183715,0.03,0,0.03,0.06,0,0.01,0.01,-0.968645127,0.017571429,0.852,0.99,4.500819262,0.490872201,-0.403035099,0.490872201,-0.403035099,0.043918551,-0.134862909,0.222700011,-0.358059971,0.547081257,-0.23879539,-0.21805582,0.337541645,0.004522008,-0.166529915,JN,1649,100
4—5,0.130434783,0.054347826,0.12826087,0.12173913,0.034782609,2.043401208,1.244696755,1.493916362,0.331889242,0.497941615,0.152173913,0.076086957,0.152173913,0.141304348,0.043478261,1.122369036,0.093913043,92,0.139130435,0.017391304,0.177173913,0.312862319,0.017391304,0.017391304,0.019565217,-0.117996377,-0.522656084,0.446463918,0.358587902,-0.497495653,-0.372091629,-0.684028211,0.152173913,0.02173913,0.217391304,0.391304348,0.02173913,0.02173913,0.076086957,-0.198459448,0.1001294,0.811956522,1,6.908754779,0.239066593,1.089110451,0.239066593,1.089110451,0.664088522,0.834097294,0.49407975,-0.583051743,0.596067666,-0.251010896,-0.090444601,0.012009269,-0.000719626,-0.332809407,MY,1520,92
4—6,0.052941176,0.023529412,0.094117647,0.240196078,0.058823529,0.227796501,0.06624327,0.791516358,1.943835925,1.315696986,0.058823529,0.029411765,0.117647059,0.264705882,0.058823529,0.869017808,0.093921569,34,0,0,0.029411765,0.386764706,0.117647059,0.023529412,0.147058824,-1.150271963,-0.868529024,-1.01268362,0.898123335,1.608241348,-0.214019429,2.006385353,0,0,0.029411765,0.441176471,0.147058824,0.029411765,0.176470588,0.181035143,0.100630252,0.876470588,1,6.908754779,0.644750726,1.089110451,0.644750726,1.089110451,0.866930588,0.955802533,0.778058643,0.400418585,-0.873264313,0.861464167,0.514996952,0.912702979,0.006204267,0.735138561,JH,1725,34
4—7,0.024324324,0.027027027,0.027027027,0.045945946,0.005405405,-0.442670316,0.199987234,-0.588682941,-0.699494518,-0.501328175,0.027027027,0.033783784,0.033783784,0.054054054,0.006756757,-0.406437743,0.025945946,148,0.233783784,0.112837838,0.172297297,0.255630631,0.042905405,0.029279279,0.028378378,0.584282327,1.375555376,0.398307459,-0.0592406,0.038393653,-0.065945414,-0.498049882,0.297297297,0.148648649,0.243243243,0.304054054,0.054054054,0.101351351,0.060810811,0.253328988,0.125016088,0.647972973,0.97,3.444339264,-0.792111991,-1.057712899,-0.792111991,-1.057712899,-0.924912445,-0.978032627,-0.871792264,0.335422868,-0.653722387,-0.310331057,-0.39826053,0.037854337,0.452047737,0.052980174,SN,1699,148
4—8,0.009803922,0,0,0.007843137,0.007843137,-0.782870145,-0.83348885,-1.144687398,-1.217992564,-0.418408376,0.009803922,0,0,0.009803922,0.009803922,-0.879489467,0.005098039,102,0.024509804,0.007843137,0.015686275,0.061764706,0,0.023529412,0.005882353,-0.968421944,-0.71254711,-1.148222494,-1.474587787,-0.862776561,-0.214019429,-0.972768684,0.029411765,0.009803922,0.019607843,0.068627451,0,0.029411765,0.029411765,-0.907620573,0.019887955,0.844117647,1,6.908754779,0.441305561,1.089110451,0.441305561,1.089110451,0.765208006,0.894768984,0.635647028,-0.98254237,-0.614927587,-0.599944719,0.60923901,-0.730176447,-0.545949242,0.138609419,JN,1658,102
4—9,0.034271357,0.035075377,0.059296482,0.065175879,0.005427136,-0.209620393,0.507744987,0.075169617,-0.437816094,-0.500589016,0.04120603,0.038190955,0.072361809,0.07839196,0.006030151,-0.11302218,0.039849246,995,0.253149079,0.075276382,0.149916248,0.259221106,0.027035176,0.014271357,0.088207705,0.72796276,0.628544631,0.177295153,-0.033027801,-0.294939129,-0.452438379,0.76448898,0.313567839,0.097487437,0.256281407,0.31758794,0.03919598,0.04120603,0.126633166,0.216840888,0.12386815,0.69080402,0.96,3.154402342,-0.5227773,-1.237380537,-0.5227773,-1.237380537,-0.880078919,-1.022999566,-0.737158271,0.371616896,-0.23995575,-0.165638795,-0.438968717,0.286958318,-0.029189456,-0.395788803,LG,1899,995
4—10,0.015384615,0.027692308,0.077179487,0.046153846,0,-0.652119565,0.225426646,0.44306174,-0.696665439,-0.685193816,0.015384615,0.030769231,0.092307692,0.076923077,0,-0.273098087,0.033282051,65,0.377179487,0.121538462,0.178461538,0.224871795,0.012307692,0.055384615,0.057692308,1.648203992,1.548590718,0.459179187,-0.283800082,-0.604270072,0.606334761,0.120542653,0.446153846,0.169230769,0.230769231,0.261538462,0.015384615,0.107692308,0.076923077,0.499254451,0.146776557,0.743076923,0.97,3.444339264,-0.194069338,-1.057712899,-0.194069338,-1.057712899,-0.625891119,-0.798619831,-0.453162406,0.274220469,-0.389773773,0.239490307,-0.51791668,-0.086271967,0.058560947,0.451957061,LG,1700,65
4—11,0.032786885,0,0.052459016,0.150819672,0.013114754,-0.244400211,-0.83348885,-0.065491862,0.727613457,-0.239093572,0.032786885,0,0.06557377,0.180327869,0.016393443,-0.130972208,0.049836066,61,0.029508197,0,0,0.332786885,0,0,0,-0.931336465,-0.868529024,-1.303124065,0.50405018,-0.862776561,-0.819962864,-1.096900102,0.032786885,0,0,0.360655738,0,0,0,-0.768368414,0.05175644,0.9,1,6.908754779,0.792710845,1.089110451,0.792710845,1.089110451,0.940910648,1.000190569,0.881630727,0.066425967,-0.022535958,0.787386551,-0.983650047,-0.1379735,-0.294893109,-0.383338106,YA,1688,61
4—12,0.036363636,0,0.036363636,0,0,-0.160600185,-0.83348885,-0.396608674,-1.324720952,-0.685193816,0.045454545,0,0.045454545,0,0,-0.680122495,0.014545455,22,0.245454545,0.045454545,0.120454545,0.224242424,0.054545455,0.122727273,0.140909091,0.670873319,0.03545707,-0.113638426,-0.288394896,0.282877197,2.34058301,1.876611598,0.318181818,0.045454545,0.136363636,0.272727273,0.136363636,0.181818182,0.181818182,0.68633841,0.136255411,0.713636364,0.96,3.154402342,-0.379200558,-1.237380537,-0.379200558,-1.237380537,-0.808290547,-0.979926543,-0.636654552,-0.274635646,-0.305286336,-0.149330514,-0.338942652,-0.727984065,0.065234618,-0.464561287,ZX,1854,22
4—13,0.014035088,0.014035088,0.028070175,0.098245614,0.014035088,-0.683737771,-0.296806533,-0.56722312,0.012192538,-0.207788291,0.01754386,0.01754386,0.035087719,0.122807018,0.01754386,-0.348672635,0.033684211,57,0.063157895,0.012280702,0.063157895,0.564912281,0.042105263,0,0.042105263,-0.681673177,-0.624294185,-0.679441426,2.198716357,0.021587743,-0.819962864,-0.208380477,0.070175439,0.01754386,0.070175439,0.649122807,0.052631579,0,0.052631579,-0.113349718,0.112531328,0.878947368,1,6.908754779,0.660325475,1.089110451,0.660325475,1.089110451,0.874717963,0.960474958,0.788960968,-0.031653083,-0.580634466,-0.755667575,0.078511022,-0.371345699,-0.031783113,-0.468362542,HF,1758,57
4—14,0,0,0,0.0225,0,-1.01256711,-0.83348885,-1.144687398,-1.018543889,-0.685193816,0,0,0,0.175,0,-0.938896213,0.0045,40,0.15625,0.02,0,0.15,0,0.045,0.035,0.009021908,-0.470775143,-1.303124065,-0.830412822,-0.862776561,0.338903956,-0.358318164,0.2,0.025,0.025,0.225,0.05,0.05,0.05,-0.496782984,0.058035714,0.685,0.96,3.154402342,-0.559274749,-1.237380537,-0.559274749,-1.237380537,-0.898327643,-1.033948801,-0.762706485,0.045014725,-1.089100965,-0.698757815,0.529096261,-0.010150145,-0.380141332,0.127667966,YS,1989,40
4—15,0.033333333,0.02248996,0.098795181,0.140495315,0.027309237,-0.231597429,0.026496068,0.887743352,0.587120947,0.243733801,0.048192771,0.024096386,0.116465863,0.164658635,0.032128514,0.302699348,0.064484605,249,0.003212851,-0.003212851,0.122891566,0.369277108,0.05060241,0.004016064,0.043373494,-1.126434274,-0.93242523,-0.089572906,0.770452514,0.200058853,-0.716538784,-0.181617838,0.004016064,0.004016064,0.148594378,0.409638554,0.072289157,0.004016064,0.068273092,-0.296582524,0.084308663,0.831325301,1,6.908754779,0.360863387,1.089110451,0.360863387,1.089110451,0.724986919,0.870636332,0.579337506,-0.106786342,-0.523837659,-0.806405782,0.065043624,-0.021435617,0.30531453,-0.173137504,HP,1598,249
4—16,0.022147651,0,0.037583893,0.136539896,0.005369128,-0.493667792,-0.83348885,-0.371505361,0.533296122,-0.502562172,0.026845638,0,0.046979866,0.174496644,0.006711409,-0.333585611,0.040328113,149,0.154362416,0.024161074,0.045973154,0.149198359,0.026845638,-0.008149569,0.019686801,-0.004982984,-0.388020979,-0.849140309,-0.836265318,-0.298920125,-1.029835411,-0.681462515,0.201342282,0.026845638,0.067114094,0.181208054,0.033557047,0.040268456,0.033557047,-0.584089663,0.058868268,0.641275168,0.95,2.92568843,-0.834229834,-1.379109601,-0.834229834,-1.379109601,-1.106669717,-1.215645671,-0.997693764,1.254147609,0.035386532,-0.418811867,-0.283265312,-0.435761003,-0.353324218,0.029457071,LS,1719,149
4—17,0.040127389,0.011464968,0.015286624,0.072611465,0.012738854,-0.072418895,-0.395084346,-0.830208444,-0.336633616,-0.251879884,0.044585987,0.012738854,0.01910828,0.082802548,0.012738854,-0.377245037,0.03044586,157,0.066878981,0.052229299,0.029299363,0.133121019,0.010191083,0.043312102,0.025477707,-0.65406465,0.170191304,-1.013793584,-0.953640347,-0.648726602,0.295436199,-0.559260839,0.082802548,0.063694268,0.057324841,0.159235669,0.012738854,0.057324841,0.038216561,-0.480551217,0.051501365,0.829936306,0.99,4.500819262,0.35212896,-0.403035099,0.35212896,-0.403035099,-0.025453069,-0.176485881,0.125579742,0.285337473,0.421133951,0.844455733,-1.005916292,-0.67591996,-0.337891182,-0.196661746,KO,1699,157
4—18,0,0,0,0.028571429,0,-1.01256711,-0.83348885,-1.144687398,-0.935924682,-0.685193816,0,0,0,0.035714286,0,-0.922372371,0.005714286,28,0,0,0,0.078571429,0,0,0,-1.150271963,-0.868529024,-1.303124065,-1.351887793,-0.862776561,-0.819962864,-1.096900102,0,0,0,0.107142857,0,0,0,-1.06477891,0.01122449,0.892857143,1,6.908754779,0.74779438,1.089110451,0.74779438,1.089110451,0.918452416,0.98671563,0.850189202,-0.316554294,-0.727298058,-0.056228018,0.131447875,-0.337975567,-0.482049802,0.014614725,YC,1760,28
4—19,0,0.021428571,0.038095238,0.171428571,0,-1.01256711,-0.014089955,-0.360985878,1.008056668,-0.685193816,0,0.047619048,0.047619048,0.19047619,0,-0.212956018,0.046190476,21,0.085714286,0.047619048,0.076190476,0.322222222,0.228571429,0.038095238,0.038095238,-0.514316468,0.078504027,-0.550745008,0.426921277,3.938058233,0.161088412,-0.293001394,0.095238095,0.047619048,0.095238095,0.380952381,0.285714286,0.047619048,0.047619048,0.463787011,0.119501134,0.828571429,0.97,3.444339264,0.343546196,-1.057712899,0.343546196,-1.057712899,-0.357083351,-0.637335171,-0.076831532,0.274220469,-0.389773773,0.239490307,-0.51791668,-0.086271967,0.058560947,0.451957061,LG,1999,21
4—20,0.031455399,0.029577465,0.06185446,0.107237872,0.008450704,-0.275595721,0.297512442,0.127792755,0.134558006,-0.397741898,0.039906103,0.03286385,0.075117371,0.129107981,0.009389671,-0.022694883,0.04771518,426,0.256611894,0.091549296,0.255477308,0.33372457,0.032472613,0.032316119,0.038888889,0.753655049,0.952175364,1.219707998,0.510895885,-0.180733081,0.012261091,-0.276253504,0.342723005,0.124413146,0.316901408,0.408450704,0.084507042,0.075117371,0.072769953,0.427386972,0.148720098,0.735680751,0.95,2.92568843,-0.240578723,-1.379109601,-0.240578723,-1.379109601,-0.809844162,-1.037550338,-0.582137987,-0.037033038,-0.727707512,-0.556354427,-0.049377563,-0.089455356,-0.033805087,-0.281396513,WY,1799,426
4—21,0.035971223,0.012709832,0.049160671,0.11558753,0.020623501,-0.169794073,-0.347482471,-0.133345958,0.248179066,0.016317539,0.040767386,0.014388489,0.059952038,0.136690647,0.023980815,-0.077225179,0.046810552,417,0.082494005,0.021582734,0.060191847,0.376099121,0.028776978,0.010551559,0.012470024,-0.53820928,-0.439298217,-0.708731078,0.820257635,-0.258354914,-0.548232834,-0.833753403,0.095923261,0.026378897,0.069544365,0.414868106,0.040767386,0.011990408,0.019184652,-0.358046013,0.084595181,0.902877698,1,6.908754779,0.810806687,1.089110451,0.810806687,1.089110451,0.949958569,1.005619322,0.894297816,-0.091145191,-0.628691749,-0.834356742,0.155589605,0.038350085,-0.00433394,-0.547881565,XM,1505,417
5—1,0.131603774,0.064150943,0.32629717,0.348427673,0.088915094,2.070789603,1.619554385,5.567951787,3.416637334,2.339265888,0.155660377,0.073113208,0.384433962,0.426886792,0.103773585,3.002839799,0.191878931,424,0,0.004245283,0.181839623,0.604575472,0.277122642,0.003773585,0.102397799,-1.150271963,-0.784100134,0.492537684,2.488283416,4.957811024,-0.722783257,1.063933174,0,0.004716981,0.198113208,0.676886792,0.344339623,0.004716981,0.129716981,0.906487135,0.167707772,0.90259434,0.99,4.500819262,0.809024844,-0.403035099,0.809024844,-0.403035099,0.202994873,-0.039417116,0.445406861,0.409591367,0.110605121,1.397394122,-0.352212559,-0.31559553,-0.00383494,0.212495637,JH,2425,424
5—2,0.023943662,0.028169014,0.033802817,0.046478873,0.005633803,-0.451588888,0.243655238,-0.449290274,-0.692242513,-0.493559204,0.028169014,0.035211268,0.042253521,0.056338028,0.007042254,-0.368605128,0.027605634,142,0.223943662,0.116901408,0.179577465,0.246478873,0.04471831,0.040375587,0.029577465,0.511273732,1.456370425,0.470198932,-0.126054374,0.076471267,0.219813313,-0.472746352,0.288732394,0.154929577,0.253521127,0.281690141,0.056338028,0.105633803,0.056338028,0.305046706,0.125938967,0.631690141,1,6.908754779,-0.894503408,1.089110451,-0.894503408,1.089110451,0.097303522,0.494026293,-0.29941925,0.801282723,-0.527067219,-0.122744383,-0.466976994,-0.072937958,0.131290691,0.508867116,SN,2039,142
5—3,0.007476636,0.009345794,0,0,0,-0.837396341,-0.476118615,-1.144687398,-1.324720952,-0.685193816,0.009345794,0.009345794,0,0,0,-0.893623424,0.003364486,107,0.007476636,0,0.009345794,0.04953271,0.014953271,0,0,-1.094799209,-0.868529024,-1.210834578,-1.563889301,-0.548703257,-0.819962864,-1.096900102,0.009345794,0,0.009345794,0.056074766,0.018691589,0,0,-1.029088334,0.011615487,0.871962617,0.99,4.500819262,0.616403226,-0.403035099,0.616403226,-0.403035099,0.106684063,-0.097203602,0.310571728,-0.470877033,-0.331258354,-0.475144895,-0.163566368,-0.392545391,0.408664613,-0.128064349,JN,2490,107
5—4,0.038386648,0.047913769,0.092025962,0.09188688,0.007093185,-0.11320286,0.998667327,0.748485868,-0.074336286,-0.44391811,0.044506259,0.051460362,0.109874826,0.109874826,0.008344924,0.223139188,0.055461289,719,0.42165044,0.150347705,0.309874826,0.359086694,0.068567455,0.060315253,0.136323598,1.978155374,2.121540142,1.756882133,0.696055872,0.577390414,0.733311471,1.779846953,0.49930459,0.187760779,0.394993046,0.420027816,0.089012517,0.105702364,0.184979138,1.37759748,0.215166567,0.801529903,0.97,3.444339264,0.173500831,-1.057712899,0.173500831,-1.057712899,-0.442106034,-0.68834878,-0.195863288,0.349123339,-0.569966291,-0.080070773,-0.457107135,0.132291129,0.255715074,0.070995311,LG,2099,719
5—5,0.020987654,0,0.031481481,0.07962963,0,-0.520845459,-0.83348885,-0.497045169,-0.241131348,-0.685193816,0.037037037,0,0.037037037,0.12962963,0,-0.555540928,0.026419753,54,0.324074074,0.077777778,0.085185185,0.263271605,0.02962963,0.04691358,0.062962963,1.2541894,0.678291627,-0.461922481,-0.003456524,-0.240446125,0.388183615,0.231765819,0.37037037,0.092592593,0.092592593,0.37037037,0.037037037,0.055555556,0.074074074,0.263800762,0.127116402,0.75,0.99,4.500819262,-0.150534918,-0.403035099,-0.150534918,-0.403035099,-0.276785009,-0.327285045,-0.226284972,-0.053644434,0.511630906,-0.371529565,-0.231613114,0.320981694,-0.125264787,-0.600909445,MY,2330,54
5—6,0.058461538,0.014807692,0.076153846,0.087884615,0.069134615,0.357133562,-0.267263203,0.421962083,-0.128798579,1.666430056,0.065384615,0.019230769,0.092307692,0.098076923,0.078846154,0.409892784,0.061288462,520,0.366698718,0.092307692,0.291538462,0.323025641,0.03400641,0.087227564,0.137115385,1.570442126,0.967258122,1.575810989,0.432786756,-0.148517746,1.426373355,1.796555513,0.426923077,0.119230769,0.351923077,0.382692308,0.048076923,0.130769231,0.182692308,1.088672731,0.190274267,0.787884615,0.98,3.844050022,0.087695102,-0.810020789,0.087695102,-0.810020789,-0.361162844,-0.540706022,-0.181619666,-1.037224327,0.810804955,-0.538316664,0.166136019,0.561648728,0.035754953,-0.242974479,AF,2099,520
5—7,0.06,0.0275,0.08125,0.1390625,0.01,0.393178316,0.218073066,0.526801001,0.567623393,-0.34504238,0.06875,0.03125,0.1,0.1625,0.0125,0.272126679,0.0635625,160,0.289166667,0.112083333,0.240208333,0.492395833,0.03875,0.047291667,0.08,0.995194562,1.360550021,1.06892725,1.669299184,-0.048885037,0.397920322,0.591287185,0.36875,0.14375,0.28125,0.6,0.15,0.06875,0.11875,0.862041927,0.185699405,0.82625,0.99,4.500819262,0.328948345,-0.403035099,0.328948345,-0.403035099,-0.037043377,-0.183440066,0.109353312,-0.751701907,-0.302880376,-0.352870938,-0.007513915,-0.51363071,0.27794691,-0.167864483,PG,2490,160
5—8,0.116842105,0.056842105,0.132631579,0.136842105,0.033684211,1.724937141,1.340074536,1.583831316,0.537408551,0.460579443,0.136842105,0.063157895,0.157894737,0.157894737,0.042105263,1.129366197,0.095368421,95,0.155789474,0.016842105,0.174736842,0.31877193,0.016842105,0.016842105,0.027368421,0.005605042,-0.533578387,0.422397903,0.401731901,-0.509030839,-0.386234931,-0.519362346,0.168421053,0.021052632,0.231578947,0.4,0.021052632,0.031578947,0.084210526,-0.159781665,0.103884712,0.808421053,1,6.908754779,0.216834484,1.089110451,0.216834484,1.089110451,0.652972468,0.827427661,0.478517274,-0.116874641,0.382111082,-0.193463166,-0.19963113,0.741877853,0.228368494,-0.347125396,MY,2130,95
5—9,0.009803922,0,0,0.007843137,0.007843137,-0.782870145,-0.83348885,-1.144687398,-1.217992564,-0.418408376,0.009803922,0,0,0.009803922,0.009803922,-0.879489467,0.005098039,102,0.020588235,0.007843137,0.015686275,0.061764706,0,0.023529412,0.005882353,-0.997517947,-0.71254711,-1.148222494,-1.474587787,-0.862776561,-0.214019429,-0.972768684,0.029411765,0.009803922,0.019607843,0.068627451,0,0.029411765,0.029411765,-0.911777145,0.019327731,0.849019608,0.99,4.500819262,0.472130586,-0.403035099,0.472130586,-0.403035099,0.034547743,-0.140485394,0.20958088,-1.157194616,1.998777036,-0.209704808,-0.463255608,-0.477438886,-0.187119028,0.33486403,JN,2258,102
5—10,0.029317269,0.018473896,0.097991968,0.144779116,0.024899598,-0.325690162,-0.127072667,0.871219525,0.645414364,0.1617696,0.044176707,0.020080321,0.116465863,0.168674699,0.02811245,0.245128132,0.063092369,249,0.003212851,-0.003212851,0.122690763,0.377844712,0.051004016,0.004016064,0.036947791,-1.126434274,-0.93242523,-0.091555833,0.833001586,0.208494055,-0.716538784,-0.31721521,0.004016064,0.004016064,0.148594378,0.417670683,0.072289157,0.004016064,0.060240964,-0.306096241,0.084643335,0.833333333,1,6.908754779,0.373490506,1.089110451,0.373490506,1.089110451,0.731300479,0.874424468,0.58817649,-0.527452504,0.060815537,-0.605769807,0.371350504,-0.923042047,0.039828148,0.133010072,HP,2368,249
5—11,0.061538462,0.030769231,0.061538462,0.246153846,0.069230769,0.429223071,0.343083923,0.121291981,2.024908451,1.669700743,0.076923077,0.038461538,0.076923077,0.269230769,0.076923077,0.917641634,0.093846154,26,0.4,0.061538462,0.242307692,0.276923077,0.030769231,0.103846154,0.061538462,1.817520348,0.355329073,1.089658368,0.09620809,-0.216510339,1.854345183,0.201705504,0.461538462,0.076923077,0.269230769,0.307692308,0.038461538,0.192307692,0.076923077,0.742608032,0.168131868,0.842307692,1,6.908754779,0.429924013,1.089110451,0.429924013,1.089110451,0.759517232,0.89135452,0.627679945,-0.350493745,0.535006874,-0.016094397,-0.684615802,0.191218546,0.004214374,-0.290424064,PG,2039,26
5—12,0.049382716,0.01882716,0.07808642,0.100925926,0.004938272,0.14442501,-0.113564306,0.461719306,0.048665872,-0.517217798,0.055555556,0.021604938,0.092592593,0.117283951,0.00617284,0.004805617,0.050432099,324,0.244516461,0.110185185,0.190895062,0.299125514,0.054320988,0.029012346,0.084722222,0.663913218,1.322800231,0.58195992,0.258300306,0.278162572,-0.072819647,0.690937129,0.314814815,0.12962963,0.24382716,0.330246914,0.067901235,0.046296296,0.108024691,0.53189339,0.14468254,0.794135802,1,6.908754779,0.127004473,1.089110451,0.127004473,1.089110451,0.608057462,0.800478658,0.415636267,0.099722995,-0.667684085,-0.882747975,0.315067689,0.675858093,0.382997942,0.064219734,LG,2048,324
5—13,0.104958678,0.00661157,0.119008264,0.204132231,0.097520661,1.446519242,-0.58067156,1.303570244,1.453083803,2.63198548,0.115702479,0.008264463,0.148760331,0.247933884,0.115702479,1.250897442,0.106446281,121,0,0,0.016528926,0.174655647,0.125619835,0,0.036363636,-1.150271963,-0.868529024,-1.139901336,-0.650410579,1.77569876,-0.819962864,-0.329542244,0,0,0.016528926,0.190082645,0.157024793,0,0.041322314,-0.45470275,0.050452578,0.885950413,1,6.908754779,0.704362757,1.089110451,0.704362757,1.089110451,0.896736604,0.973686143,0.819787065,0.424957998,-0.674049063,-0.367764542,-0.206012854,0.499916437,0.398883044,-0.273913882,LC,2258,121
5—14,0.048076923,0,0.007692308,0.073076923,0,0.113831469,-0.83348885,-0.986439976,-0.330299723,-0.685193816,0.048076923,0,0.009615385,0.076923077,0,-0.544318179,0.025769231,104,0,0,0,0.185576923,0,0,0,-1.150271963,-0.868529024,-1.303124065,-0.570678172,-0.862776561,-0.819962864,-1.096900102,0,0,0,0.192307692,0,0,0,-0.953177536,0.026510989,0.894230769,1,6.908754779,0.756432162,1.089110451,0.756432162,1.089110451,0.922771307,0.989306964,0.856235649,-0.145081778,-0.276355118,-0.934712908,1.315064832,-0.639736577,-1.318470805,0.080664121,BY,2074,104
5—15,0.051440329,0.034773663,0.043621399,0.114403292,0.011522634,0.192633015,0.496207849,-0.247300781,0.232064112,-0.293249774,0.061728395,0.037037037,0.053497942,0.127572016,0.012345679,0.076070884,0.051152263,243,0.330452675,0.102880658,0.205349794,0.244101509,0.030864198,0.046502058,0.083127572,1.301515306,1.177530038,0.724700044,-0.143410678,-0.21451569,0.377585839,0.657286277,0.382716049,0.131687243,0.300411523,0.304526749,0.04526749,0.069958848,0.119341564,0.554384448,0.149039781,0.726748971,0.96,3.154402342,-0.296744481,-1.237380537,-0.296744481,-1.237380537,-0.767062509,-0.95518972,-0.578935298,-0.791923971,-0.488655478,-0.210446954,0.009171357,-0.221779572,0.498984787,-0.304037512,LG,2199,243
5—16,0,0,0.036363636,0.036363636,0,-1.01256711,-0.83348885,-0.396608674,-0.829889336,-0.685193816,0,0,0.045454545,0.045454545,0,-0.751549557,0.014545455,22,0.213636364,0.081818182,0.120454545,0.224242424,0.054545455,0.077272727,0.140909091,0.43479893,0.758645946,-0.113638426,-0.288394896,0.282877197,1.170010464,1.876611598,0.272727273,0.090909091,0.136363636,0.272727273,0.136363636,0.136363636,0.181818182,0.588701545,0.130411255,0.722727273,0.96,3.154402342,-0.322034148,-1.237380537,-0.322034148,-1.237380537,-0.779707343,-0.96277662,-0.596638065,-0.23541323,-0.692447642,-0.346074104,-0.289564718,-0.084196995,-0.338869158,-0.553233649,ZX,2199,22
6—1,0.02601626,0.029810298,0.068292683,0.062195122,0.006504065,-0.403029798,0.306415666,0.260240937,-0.478377852,-0.463957109,0.035230352,0.032520325,0.08401084,0.092140921,0.008130081,-0.155741631,0.038563686,369,0.192095754,0.080216802,0.199864499,0.184281843,0.028184282,0.002303523,0.031752484,0.274978793,0.726798198,0.670532886,-0.580133099,-0.270803707,-0.760641166,-0.42684835,0.298102981,0.119241192,0.273712737,0.273712737,0.035230352,0.056910569,0.067750678,-0.052302349,0.102671312,0.565311653,0.95,2.92568843,-1.31191159,-1.379109601,-1.31191159,-1.379109601,-1.345510595,-1.358950198,-1.332070993,1.489371713,0.077779084,-0.371490509,0.016893105,0.441677986,-0.814785054,-0.459628187,WY,2599,369
6—2,0.137777778,0.017777778,0.017777778,0.035555556,0.062222222,2.215440906,-0.153691248,-0.778960022,-0.840885594,1.43130401,0.155555556,0.022222222,0.022222222,0.044444444,0.066666667,0.37464161,0.054222222,45,0.166666667,0.053333333,0.195555556,0.324444444,0.075555556,0.002962963,0.12,0.086308167,0.192147993,0.62798218,0.443144943,0.724166052,-0.743658876,1.435380829,0.2,0.066666667,0.222222222,0.422222222,0.111111111,0.066666667,0.155555556,0.395067327,0.134074074,0.864444444,0.98,3.844050022,0.569126664,-0.810020789,0.569126664,-0.810020789,-0.120447062,-0.396276553,0.155382428,0.359187155,-0.109693316,-0.194745127,-0.284406717,-0.647536125,-0.2213819,0.244800663,MY,2830,45
6—3,0.052760736,0.01595092,0.084662577,0.125460123,0.009815951,0.22356895,-0.22354775,0.597005091,0.382524019,-0.351302836,0.061349693,0.018404908,0.104294479,0.147239264,0.012269939,0.125649495,0.057730061,163,0.302249489,0.117177914,0.229141104,0.492944785,0.042535787,0.057464213,0.083435583,1.092262309,1.461869485,0.959638639,1.67330689,0.030630323,0.65988979,0.663786026,0.374233129,0.147239264,0.263803681,0.595092025,0.153374233,0.085889571,0.116564417,0.934483352,0.189278411,0.82392638,0.99,4.500819262,0.314336716,-0.403035099,0.314336716,-0.403035099,-0.044349192,-0.187823555,0.099125171,0.003678959,-0.489609207,-0.55314083,-0.195032072,-0.064789255,0.164110267,-0.40240367,PG,2649,163
6—4,0.020987654,0,0.031481481,0.080246914,0,-0.520845459,-0.83348885,-0.497045169,-0.232731428,-0.685193816,0.037037037,0,0.037037037,0.12962963,0,-0.553860945,0.02654321,54,0.344444444,0.077777778,0.085185185,0.306481481,0.02962963,0.048148148,0.062962963,1.405326971,0.678291627,-0.461922481,0.312003644,-0.240446125,0.419976944,0.231765819,0.407407407,0.092592593,0.092592593,0.407407407,0.037037037,0.055555556,0.074074074,0.334999486,0.136375661,0.746296296,0.99,4.500819262,-0.173824937,-0.403035099,-0.173824937,-0.403035099,-0.288430018,-0.33427205,-0.242587986,-0.241746157,0.700392385,-0.072219259,-0.319086393,-0.189318207,-0.076293878,-0.569290894,MY,2580,54
6—5,0.059598854,0.03008596,0.056160458,0.077363897,0.005730659,0.383779827,0.316956591,0.010654815,-0.271963144,-0.490264626,0.068767908,0.031518625,0.065902579,0.088825215,0.005730659,-0.010167308,0.045787966,349,0.311986628,0.180802292,0.214097421,0.327602674,0.084813754,0.034670487,0.06260745,1.16450683,2.727211654,0.811082642,0.466202072,0.918622023,0.072892184,0.22426366,0.401146132,0.223495702,0.255014327,0.424068768,0.114613181,0.06017192,0.108882521,0.912111581,0.173797244,0.761891117,0.99,4.500819262,-0.075759944,-0.403035099,-0.075759944,-0.403035099,-0.239397521,-0.304852552,-0.17394249,-0.428039493,-0.494697624,-0.597221009,0.024702073,-0.118370369,-0.024888873,-0.21793446,AT,2608,349
6—6,0.049603175,0.014285714,0.054761905,0.055257937,0.020634921,0.149590154,-0.28722292,-0.018116463,-0.572778166,0.016705973,0.05952381,0.015873016,0.067460317,0.083333333,0.023809524,-0.142364284,0.03890873,252,0.313029101,0.138888889,0.251322751,0.230092593,0.014603175,0.08452381,0.072619048,1.172241431,1.89365071,1.178681851,-0.245684867,-0.55605656,1.356744656,0.435531811,0.384920635,0.178571429,0.325396825,0.337301587,0.075396825,0.107142857,0.099206349,0.747872719,0.157868481,0.645039683,0.94,2.736069275,-0.810557417,-1.496612489,-0.810557417,-1.496612489,-1.153584953,-1.290795967,-1.016373938,-0.431338205,0.90231585,-0.424568847,-0.10045718,0.497259927,-0.278302923,-0.645234434,LG,2915,252
6—7,0.024742268,0.020618557,0.037113402,0.067010309,0.056701031,-0.432878275,-0.045063796,-0.38118437,-0.412853412,1.243499895,0.030927835,0.020618557,0.041237113,0.082474227,0.06185567,-0.005695992,0.041237113,97,0.245017182,0.106185567,0.075257732,0.250515464,-0.033676976,0.054639175,0.065635739,0.66762831,1.243257049,-0.559955834,-0.09658464,-1.570116051,0.587137742,0.288167647,0.278350515,0.12371134,0.103092784,0.278350515,0.06185567,0.082474227,0.072164948,0.07993346,0.109081983,0.594845361,1,6.908754779,-1.126194625,1.089110451,-1.126194625,1.089110451,-0.018542087,0.424518928,-0.461603102,-0.096207425,0.385379584,-0.051412827,-0.318551636,0.95607584,0.104072195,0.199192983,SN,2959,97
6—8,0.009803922,0,0,0.015686275,0.007843137,-0.782870145,-0.83348885,-1.144687398,-1.111264176,-0.418408376,0.009803922,0,0,0.019607843,0.009803922,-0.858143789,0.006666667,102,0.024509804,0.007843137,0.007843137,0.050980392,0,0.013071895,0.005882353,-0.968421944,-0.71254711,-1.22567328,-1.553320282,-0.862776561,-0.483327622,-0.972768684,0.029411765,0.009803922,0.009803922,0.058823529,0,0.019607843,0.029411765,-0.968405069,0.01573296,0.839215686,1,6.908754779,0.410480536,1.089110451,0.410480536,1.089110451,0.749795494,0.885521477,0.61406951,-0.9196063,-0.550680231,-0.227025434,0.119536554,-0.448785358,-0.489119187,0.081561545,JN,2708,102
6—9,0.061538462,0.030769231,0.030769231,0.215384615,0.069230769,0.429223071,0.343083923,-0.511697708,1.606204775,1.669700743,0.076923077,0.038461538,0.038461538,0.230769231,0.076923077,0.707302961,0.081538462,26,0.392307692,0.061538462,0.242307692,0.276923077,0.030769231,0.096153846,0.061538462,1.760447419,0.355329073,1.089658368,0.09620809,-0.216510339,1.656248291,0.201705504,0.461538462,0.076923077,0.269230769,0.307692308,0.038461538,0.192307692,0.076923077,0.706155201,0.165934066,0.834615385,1,6.908754779,0.381552436,1.089110451,0.381552436,1.089110451,0.735331443,0.876843046,0.59381984,0.459503183,-0.231174739,0.008042146,-0.597175724,-0.247134222,-0.335763892,-0.23832889,PG,2519,26
6—10,0.007476636,0.009345794,0,0,0,-0.837396341,-0.476118615,-1.144687398,-1.324720952,-0.685193816,0.009345794,0.009345794,0,0,0,-0.893623424,0.003364486,107,0.007476636,0,0.009345794,0.04953271,0.014953271,0,0,-1.094799209,-0.868529024,-1.210834578,-1.563889301,-0.548703257,-0.819962864,-1.096900102,0.009345794,0,0.009345794,0.056074766,0.018691589,0,0,-1.029088334,0.011615487,0.874766355,1,6.908754779,0.634033988,1.089110451,0.634033988,1.089110451,0.861572219,0.952587512,0.770556927,-0.34385821,-0.752012489,0.449242828,-0.097059008,-0.250638673,-0.439550639,-0.703807689,JN,2940,107
6—11,0.054130053,0.040011716,0.066608084,0.116022261,0.082601054,0.25565079,0.696503776,0.225585098,0.254094833,2.124492916,0.063268893,0.0456942,0.082601054,0.135325132,0.091388401,0.711265483,0.071874634,569,0.150181605,0.05483304,0.1576157,0.225600469,0.013005272,0.026830697,0.102929115,-0.03600243,0.221973709,0.253327051,-0.27848029,-0.589618342,-0.12900276,1.0751452,0.18629174,0.073813708,0.196836555,0.274165202,0.026362039,0.04745167,0.142355009,0.07390602,0.104427986,0.733040422,0.96,3.154402342,-0.25718192,-1.237380537,-0.25718192,-1.237380537,-0.747281229,-0.943320952,-0.551241505,-2.069030515,1.81721953,-0.611542167,0.117579929,-0.334186089,-0.217116172,0.306900147,AF,2999,569
6—12,0.074107143,0.032142857,0.083928571,0.130357143,0.007142857,0.723695842,0.395609493,0.581905014,0.44916203,-0.442228504,0.080357143,0.035714286,0.107142857,0.151785714,0.008928571,0.341628775,0.065535714,112,0.230059524,0.122321429,0.172321429,0.306696429,0.085714286,0.028571429,0.076488095,0.556650252,1.564162127,0.398545755,0.313572898,0.937536487,-0.084174407,0.517177773,0.276785714,0.142857143,0.196428571,0.348214286,0.107142857,0.035714286,0.089285714,0.600495841,0.14602466,0.807142857,0.99,4.500819262,0.208796801,-0.403035099,0.208796801,-0.403035099,-0.097119149,-0.219485529,0.025247231,1.144912938,0.162459822,-0.044218856,-0.55162663,0.116088245,-0.130739694,0.211078967,ZD,2599,112
6—13,0.019787986,0.010600707,0.005565371,0.023203769,0,-0.5489526,-0.428132506,-1.030195667,-1.008967091,-0.685193816,0.021201413,0.010600707,0.007067138,0.028268551,0,-0.740288336,0.011831567,283,0.033451119,0.017667845,0.055948174,0.129034158,0.002826855,0.012014134,0.016254417,-0.902082029,-0.517156337,-0.750637236,-0.983477089,-0.803402279,-0.510567718,-0.753893851,0.038869258,0.021201413,0.067137809,0.151943463,0.003533569,0.014134276,0.024734982,-0.745888077,0.038170957,0.883745583,1,6.908754779,0.690498112,1.089110451,0.690498112,1.089110451,0.889804282,0.969526749,0.810081814,0.001403567,-0.564450406,-1.173779996,0.642871941,0.174208582,-0.211228011,-0.284905831,SM,2768,283
7—1,0.103703704,0.031481481,0.105555556,0.115740741,0.05462963,1.417116343,0.370319404,1.026818898,0.250263938,1.173040882,0.12037037,0.037037037,0.12962963,0.138888889,0.064814815,0.847511893,0.082222222,108,0.087962963,0,0.142283951,0.450555556,0.081481481,0.044444444,0.07037037,-0.49763245,-0.868529024,0.101926407,1.363837976,0.848632139,0.324596958,0.388079456,0.101851852,0,0.157407407,0.509259259,0.101851852,0.046296296,0.083333333,0.237273066,0.125299824,0.919444444,1,6.908754779,0.914983444,1.089110451,0.914983444,1.089110451,1.002046948,1.036872349,0.967221546,-0.854510825,-0.259512779,-0.274914605,0.922596665,-0.757873233,-0.852761716,0.174207012,MY,3530,108
7—2,0.048962656,0.04253112,0.043983402,0.10746888,0.011618257,0.134583376,0.792842291,-0.239853589,0.137701532,-0.289997127,0.062240664,0.045643154,0.053941909,0.124481328,0.012448133,0.107055297,0.050912863,241,0.332918396,0.101244813,0.20746888,0.245297372,0.031120332,0.041078838,0.087551867,1.319809673,1.14499685,0.74562596,-0.1346801,-0.209135931,0.23792386,0.750649263,0.377593361,0.128630705,0.302904564,0.298755187,0.045643154,0.070539419,0.116182573,0.550741368,0.149525785,0.721161826,0.96,3.154402342,-0.331878156,-1.237380537,-0.331878156,-1.237380537,-0.784629347,-0.965729823,-0.60352887,-0.001665047,-0.316165562,-0.086899129,-0.501771239,-0.172530864,0.280853869,-0.308989702,LG,3457,241
7—3,0.061538462,0,0.061538462,0.238461538,0.069230769,0.429223071,-0.83348885,0.121291981,1.920232532,1.669700743,0.076923077,0,0.076923077,0.269230769,0.076923077,0.661391895,0.086153846,26,0.402564103,0.061538462,0.234615385,0.276923077,0.030769231,0.096153846,0.053846154,1.836544657,0.355329073,1.013697021,0.09620809,-0.216510339,1.656248291,0.039379803,0.461538462,0.076923077,0.269230769,0.307692308,0.038461538,0.230769231,0.076923077,0.682985228,0.165201465,0.838461538,1,6.908754779,0.405738224,1.089110451,0.405738224,1.089110451,0.747424338,0.884098783,0.610749892,0.663816198,0.671832998,-0.047891697,-0.615718837,-0.714321476,-0.595434216,-0.265582854,PG,3229,26
7—4,0.024126984,0.025396825,0.046349206,0.102222222,0.057248677,-0.447293817,0.137650582,-0.191183882,0.066305703,1.262128163,0.028571429,0.025396825,0.053968254,0.123809524,0.066666667,0.16552135,0.051068783,315,0.281216931,0.080952381,0.181587302,0.256084656,-0.005925926,0.085925926,0.107830688,0.936211652,0.741427163,0.49004602,-0.055925919,-0.987242648,1.392852793,1.178579853,0.33015873,0.098412698,0.222222222,0.307936508,0.025396825,0.155555556,0.146031746,0.527992702,0.141095994,0.722539683,0.97,3.444339264,-0.323213772,-1.057712899,-0.323213772,-1.057712899,-0.690463336,-0.837363161,-0.54356351,-0.336892886,0.746945517,-0.314509965,-0.09278968,0.5228598,-0.138237349,-0.283950063,SN,3099,315
7—5,0.158762887,0.039175258,0.082474227,0.158075601,0,2.707102918,0.664518753,0.551985996,0.826351194,-0.685193816,0.175257732,0.041237113,0.092783505,0.175257732,0,0.812953009,0.087697595,97,0.377835052,0.179381443,0.16443299,0.267353952,0.041237113,0.049484536,0.028865979,1.653067939,2.698954244,0.320647617,0.026347261,0.003353428,0.454392402,-0.487760359,0.432989691,0.195876289,0.18556701,0.329896907,0.051546392,0.051546392,0.072164948,0.667000362,0.158370152,0.804123711,0.99,4.500819262,0.189811491,-0.403035099,0.189811491,-0.403035099,-0.106611804,-0.225181122,0.011957514,-0.618263543,-0.756229182,0.557838584,0.195137364,-0.257192458,-0.531096207,0.216611382,ZX,3696,97
7—6,0.060818713,0.032748538,0.055555556,0.080214425,0.005847953,0.412360028,0.418769891,-0.001789348,-0.233173529,-0.486274847,0.070175439,0.035087719,0.064327485,0.093567251,0.005847953,0.021978439,0.047037037,342,0.323050682,0.178947368,0.215740741,0.333820663,0.084210526,0.034015595,0.066959064,1.246596364,2.690321496,0.827310382,0.511597427,0.905952047,0.056027,0.316092913,0.409356725,0.222222222,0.257309942,0.432748538,0.114035088,0.067251462,0.111111111,0.93627109,0.176677806,0.76374269,0.99,4.500819262,-0.06411669,-0.403035099,-0.06411669,-0.403035099,-0.233575895,-0.301359576,-0.165792213,-0.135598229,-0.409588832,-0.482435951,0.05951862,-0.129205369,-0.14022769,-0.718710118,AT,3358,342
7—7,0.060576923,0.061923077,0.072235577,0.123878205,0.014423077,0.406695099,1.534363856,0.341354803,0.360997491,-0.194590783,0.064903846,0.067307692,0.088942308,0.161057692,0.016826923,0.489764093,0.066607372,416,0.304487179,0.132692308,0.300841346,0.218509615,0.067307692,0.100761218,0.055528846,1.108864812,1.770414998,1.667676743,-0.330248125,0.5509308,1.774900075,0.07488855,0.360576923,0.180288462,0.350961538,0.28125,0.084134615,0.161057692,0.098557692,0.945346836,0.168589744,0.774038462,0.99,4.500819262,0.000626262,-0.403035099,0.000626262,-0.403035099,-0.201204419,-0.281936691,-0.120472146,0.916313683,0.083272215,-0.218088151,0.322830881,-0.189986642,-0.0789599,1.196786783,AM,3299,416
7—8,0.124210526,0.052631579,0.124210526,0.12,0.042105263,1.897572544,1.179069841,1.410592032,0.308223382,0.747022758,0.147368421,0.073684211,0.147368421,0.136842105,0.052631579,1.108496111,0.092631579,95,0.155789474,0.016842105,0.170526316,0.318070175,0.016842105,0.016842105,0.027368421,0.005605042,-0.533578387,0.380819061,0.396608638,-0.509030839,-0.386234931,-0.519362346,0.168421053,0.021052632,0.231578947,0.4,0.021052632,0.021052632,0.084210526,-0.166453395,0.103182957,0.801052632,1,6.908754779,0.170499605,1.089110451,0.170499605,1.089110451,0.629805028,0.813527197,0.446082859,-0.402421691,0.500877437,-0.156615117,-0.360991045,0.271813808,0.166728016,-0.269154277,MY,3080,95
7—9,0.168181818,0.08030303,0.154545455,0.163636364,0,2.927779918,2.237187819,2.034647178,0.902021321,-0.685193816,0.181818182,0.090909091,0.181818182,0.181818182,0,1.483288484,0.113333333,22,0.484848485,0.036363636,0.113636364,0.145454545,0.036363636,0.118181818,0.068181818,2.44705205,-0.145340149,-0.180967801,-0.863597592,-0.099007389,2.223525755,0.341895882,0.545454545,0.045454545,0.136363636,0.181818182,0.045454545,0.136363636,0.090909091,0.531937251,0.143290043,0.859090909,1,6.908754779,0.535462001,1.089110451,0.535462001,1.089110451,0.812286226,0.923015916,0.701556536,0.059437251,-0.841563666,0.3881022,-0.596268472,0.194509571,0.035344208,-0.328777377,SF,3980,22
7—10,0.007476636,0.009345794,0,0,0,-0.837396341,-0.476118615,-1.144687398,-1.324720952,-0.685193816,0.009345794,0.009345794,0,0,0,-0.893623424,0.003364486,107,0,0,0.009345794,0.04953271,0.014953271,0,0,-1.150271963,-0.868529024,-1.210834578,-1.563889301,-0.548703257,-0.819962864,-1.096900102,0.009345794,0,0.009345794,0.056074766,0.018691589,0,0,-1.037013013,0.010547397,0.878504673,1,6.908754779,0.65754167,1.089110451,0.65754167,1.089110451,0.873326061,0.959639817,0.787012305,-0.196973981,-0.086333386,-0.837416108,0.347905827,-0.498766238,-0.19565644,0.335235983,JN,3190,107
7—11,0.151219512,0.019512195,0.03902439,0.03902439,0.092682927,2.530368517,-0.087369531,-0.341871206,-0.793682144,2.467429252,0.170731707,0.024390244,0.048780488,0.048780488,0.097560976,0.754974977,0.068292683,41,0.13902439,0.058536585,0.173170732,0.310569106,0.063414634,0.003252033,0.151219512,-0.118783172,0.295628678,0.406932602,0.341845956,0.469162361,-0.736214585,2.094185624,0.170731707,0.073170732,0.219512195,0.414634146,0.097560976,0.073170732,0.195121951,0.393251066,0.128455285,0.870731707,0.98,3.844050022,0.608662891,-0.810020789,0.608662891,-0.810020789,-0.100678949,-0.384415685,0.183057787,-0.995229303,-0.738033988,-0.633353671,0.218290633,-0.369505164,-0.001506344,-0.353205357,MY,3180,41
7—12,0.061561119,0.027025037,0.063917526,0.120883652,0.04712813,0.429753921,0.199911131,0.170234483,0.320248009,0.917876281,0.06921944,0.029455081,0.076583211,0.134020619,0.0544919,0.407604765,0.064103093,679,0.328566519,0.083799705,0.232106038,0.256357388,0.03622975,0.078301424,0.106161021,1.287521012,0.798053882,0.988917288,-0.053934797,-0.101819499,1.196502066,1.143345976,0.385861561,0.106038292,0.276877761,0.298969072,0.051546392,0.120765832,0.139911635,0.751226561,0.160217407,0.824447717,0.99,4.500819262,0.317615041,-0.403035099,0.317615041,-0.403035099,-0.042710029,-0.186840057,0.101419999,-1.10511838,1.278521115,-0.630307786,0.622897061,0.372227282,-0.094509047,0.491265943,SM,3134,679
7—13,0.028985507,0,0.046376812,0.146376812,0.011594203,-0.33346304,-0.83348885,-0.190615982,0.66715559,-0.290815339,0.028985507,0,0.057971014,0.173913043,0.014492754,-0.196245524,0.046666667,69,0.026086957,0,-0.007729469,0.329192547,0,0,0.011594203,-0.95672029,-0.868529024,-1.379452375,0.477809173,-0.862776561,-0.819962864,-0.852235278,0.043478261,0,0.014492754,0.362318841,0,0,0.014492754,-0.751695317,0.05130632,0.894202899,1,6.908754779,0.756256903,1.089110451,0.756256903,1.089110451,0.922683677,0.989254387,0.856112967,-0.604894338,-0.812257437,0.060779394,-0.180311141,0.029391165,0.056627872,0.384255349,YA,3446,69
7—14,0,0,0,0,0,-1.01256711,-0.83348885,-1.144687398,-1.324720952,-0.685193816,0,0,0,0,0,-1.000131625,0,117,0.013675214,0,0,0.083760684,0,0,0,-1.048808978,-0.868529024,-1.303124065,-1.314002859,-0.862776561,-0.819962864,-1.096900102,0.017094017,0,0,0.094017094,0,0,0,-1.044872065,0.013919414,0.821367521,1,6.908754779,0.29824583,1.089110451,0.29824583,1.089110451,0.69367814,0.851851065,0.535505216,-1.09948819,-0.691986025,1.148988393,-0.751045091,-0.055866517,-0.295609232,0.216140699,ZC,3412,117
8—1,0.159183673,0.03877551,0.093877551,0.154081633,0,2.716961572,0.649232961,0.786577063,0.77200179,-0.685193816,0.173469388,0.040816327,0.102040816,0.173469388,0,0.847915914,0.089183673,98,0.378061224,0.185714286,0.162755102,0.288605442,0.040816327,0.057142857,0.043197279,1.654746025,2.824899877,0.304078518,0.181496945,-0.005484633,0.651614051,-0.185336388,0.43877551,0.204081633,0.183673469,0.367346939,0.051020408,0.06122449,0.081632653,0.775144913,0.165184645,0.804081633,0.99,4.500819262,0.189546888,-0.403035099,0.189546888,-0.403035099,-0.106744106,-0.225260503,0.011772292,-0.930149741,-0.655701382,0.316373743,0.427273094,-0.168183122,-0.602825498,0.33686308,ZX,4356,98
8—2,0.14375969,0.03627907,0.095116279,0.152131783,0.026976744,2.355591666,0.553772536,0.81206038,0.745468489,0.232424012,0.162790698,0.039534884,0.113953488,0.174418605,0.030232558,0.939863417,0.090852713,430,0.264341085,0.096395349,0.137093023,0.227069767,0.006976744,0.028837209,0.066511628,0.811001638,1.048552184,0.050666129,-0.267753454,-0.716239452,-0.077329863,0.306650957,0.306976744,0.118604651,0.162790698,0.265116279,0.011627907,0.053488372,0.090697674,0.165078305,0.118174972,0.788837209,0.99,4.500819262,0.093685303,-0.403035099,0.093685303,-0.403035099,-0.154674898,-0.254018978,-0.055330818,-0.576019852,-0.595275406,1.149935866,0.123846932,0.264332037,-1.046952007,0.308741029,ZX,5995,430
8—3,0.064233577,0.013138686,0.071532847,0.136861314,0.005839416,0.492367166,-0.331083688,0.326898121,0.53766994,-0.48656524,0.072992701,0.01459854,0.087591241,0.160583942,0.00729927,0.10785726,0.058321168,137,0.279318735,0.106812652,0.235766423,0.499756691,0.033576642,0.062530414,0.070072993,0.92212802,1.255728324,1.025063499,1.723038226,-0.157544442,0.790357616,0.381804091,0.357664234,0.138686131,0.277372263,0.613138686,0.160583942,0.087591241,0.094890511,0.848653619,0.183976364,0.805839416,1,6.908754779,0.200600366,1.089110451,0.200600366,1.089110451,0.644855409,0.822557426,0.467153392,-0.287659096,-0.370155055,0.287089676,-0.45694074,-0.56277891,0.414703167,-0.039048424,PG,4259,137
8—4,0.041242938,0.010169492,0.035028249,0.074199623,0.009039548,-0.046282589,-0.444621578,-0.424080492,-0.315022164,-0.377712292,0.04519774,0.011299435,0.039548023,0.084745763,0.02259887,-0.321543823,0.03393597,177,0.405178908,0.089830508,0.130696798,0.279849341,0.031638418,0.076647834,0.062429379,1.855945154,0.917992648,-0.012496432,0.117571718,-0.198254231,1.153917847,0.220505938,0.468926554,0.107344633,0.163841808,0.327683616,0.039548023,0.101694915,0.09039548,0.579311806,0.153753027,0.758757062,0.98,3.844050022,-0.09546784,-0.810020789,-0.09546784,-0.810020789,-0.452744314,-0.595654904,-0.309833725,-1.040558136,-0.810971457,0.425938463,0.53417025,0.258137716,-0.87869536,-0.253589796,ZX,4240,177
8—5,0.103703704,0.031481481,0.105555556,0.115740741,0.05462963,1.417116343,0.370319404,1.026818898,0.250263938,1.173040882,0.12037037,0.037037037,0.12962963,0.138888889,0.064814815,0.847511893,0.082222222,108,0.089814815,0,0.142901235,0.453271605,0.081481481,0.044444444,0.069444444,-0.483892671,-0.868529024,0.108022071,1.383666901,0.848632139,0.324596958,0.368540252,0.101851852,0,0.157407407,0.509259259,0.101851852,0.046296296,0.083333333,0.240148089,0.125908289,0.92037037,1,6.908754779,0.920805949,1.089110451,0.920805949,1.089110451,1.0049582,1.0386191,0.9712973,-1.072401439,-0.395763085,-0.061584654,0.565323344,-0.365294853,-0.604532484,0.486115418,MY,4030,108
8—6,0,0,0,0,0.08,-1.01256711,-0.83348885,-1.144687398,-1.324720952,2.036017674,0,0,0,0,0.1,-0.455889327,0.016,10,0.08,0.1,0.08,0.19,0,0,0,-0.556713501,1.120240384,-0.513126055,-0.538386837,-0.862776561,-0.819962864,-1.096900102,0.1,0.1,0.2,0.2,0,0,0,-0.466803648,0.064285714,0.26,0.91,2.303683391,-3.231804412,-1.764552668,-3.231804412,-1.764552668,-2.49817854,-2.204728191,-2.791628889,-0.738471099,0.999127405,-0.088342532,-0.348157803,0.611217996,0.081164783,-0.069503729,SN,5499,10
8—7,0.064285714,0,0.100549451,0.138919414,0.027472527,0.493588704,-0.83348885,0.92383248,0.565676296,0.249288152,0.076923077,0,0.120879121,0.159340659,0.032967033,0.279779356,0.066245421,182,0,0,0.014065934,0.301098901,0.052747253,6.10E-19,0.027472527,-1.150271963,-0.868529024,-1.164223316,0.272707311,0.245108392,-0.819962864,-0.517165457,0,0,0.016483516,0.351648352,0.065934066,0.010989011,0.032967033,-0.571762417,0.056483516,0.786263736,0.99,4.500819262,0.077502519,-0.403035099,0.077502519,-0.403035099,-0.16276629,-0.258873814,-0.066658766,0.157148575,-0.43298407,1.269968474,-0.139288908,-1.342878182,-0.029674606,0.571901001,WL,4350,182
8—8,0,0,0.16,0,0.16,-1.01256711,-0.83348885,2.146858987,-1.324720952,4.757229164,0,0,0.2,0,0.2,0.746662248,0.064,5,0,0,0.16,0.31,0.16,0,0,-1.150271963,-0.868529024,0.276871954,0.337691115,2.497807795,-0.819962864,-1.096900102,0,0,0.2,0.4,0.2,0,0,-0.117613299,0.09,0.88,1,6.908754779,0.666944744,1.089110451,0.666944744,1.089110451,0.878027597,0.962460739,0.793594456,-0.909831045,-0.85904816,0.816188123,-0.257320468,-0.430476254,-0.014915762,0.094828908,MM,5812,5
8—9,0.072340426,0.014893617,0.174468085,0.126595745,0.14893617,0.682303262,-0.263977561,2.44449882,0.397977414,4.380891405,0.085106383,0.021276596,0.212765957,0.14893617,0.170212766,1.528338668,0.107446809,47,0,0,0.017021277,0.267375887,0,0,0.038297872,-1.150271963,-0.868529024,-1.135039382,0.026507398,-0.862776561,-0.819962864,-0.288725337,0,0,0.021276596,0.29787234,0,0,0.042553191,-0.728399676,0.046099291,0.812765957,1,6.908754779,0.244156572,1.089110451,0.244156572,1.089110451,0.666633511,0.835624287,0.497642735,-1.505387273,-0.561315732,2.450929572,-0.719456338,-0.763644279,-0.433242922,-0.659366644,YS,5280,47
8—10,0.067785235,0.08409396,0.086409396,0.151572387,0.017449664,0.575579289,2.382147711,0.632940945,0.737856307,-0.091640974,0.083892617,0.090604027,0.10738255,0.194630872,0.020134228,0.847376656,0.081462128,298,0.297315436,0.144630872,0.33696868,0.243008949,0.053691275,0.124496644,0.069463087,1.055654201,2.007845523,2.024433267,-0.151387078,0.26493631,2.386148921,0.368933658,0.348993289,0.201342282,0.395973154,0.308724832,0.067114094,0.197986577,0.11409396,1.136652115,0.181367849,0.786241611,1,6.908754779,0.077363387,1.089110451,0.077363387,1.089110451,0.583236919,0.785586332,0.380887506,-0.042073651,-0.589232336,-0.564962407,-0.116387647,0.076535019,0.291076039,-0.327485664,AM,5390,298
8—11,0.062222222,0.056666667,0.0275,0.087888889,0.036666667,0.445242961,1.333366007,-0.578952863,-0.128740426,0.562028117,0.083333333,0.066666667,0.041666667,0.108333333,0.041666667,0.326588759,0.054188889,120,0.255,0.116666667,0.187777778,0.253263889,0.063333333,0.041666667,0.005416667,0.741695635,1.451701952,0.551176818,-0.076519352,0.467454747,0.253061969,-0.982595755,0.325,0.175,0.233333333,0.316666667,0.091666667,0.133333333,0.05,0.343710859,0.131875,0.7025,0.99,4.500819262,-0.44922941,-0.403035099,-0.44922941,-0.403035099,-0.426132254,-0.416893392,-0.435371117,0.282523301,-0.845433081,-0.390258316,0.011595359,0.60088159,0.397420827,0.351385842,QD,4499,120
8—12,0,0,0.075,0.1875,0,-1.01256711,-0.83348885,0.39822497,1.22675457,-0.685193816,0,0,0.09375,0.21875,0,-0.181254047,0.0525,32,0,0,0.05,0.24375,0.075,0,0,-1.150271963,-0.868529024,-0.809375309,-0.145976921,0.712497356,-0.819962864,-1.096900102,0,0,0.0625,0.3125,0.09375,0,0,-0.596931261,0.052678571,0.809375,1,6.908754779,0.222833197,1.089110451,0.222833197,1.089110451,0.655971824,0.829227275,0.482716373,-0.749545542,-0.008558277,1.246105323,-0.096772947,0.667121309,-0.952424163,-0.485113246,XX,4898,32
9—1,0.075,0.035227273,0.071969697,0.110378788,0.003030303,0.744614673,0.513553274,0.335885076,0.177299183,-0.582117623,0.083333333,0.041666667,0.087121212,0.132575758,0.003787879,0.237846917,0.059121212,264,0.336111111,0.131818182,0.214204545,0.339684343,0.065151515,0.048737374,0.061742424,1.343497965,1.75303065,0.812140492,0.554406105,0.505643205,0.435151032,0.206009594,0.397727273,0.189393939,0.253787879,0.420454545,0.102272727,0.087121212,0.102272727,0.801411292,0.171064214,0.787121212,1,6.908754779,0.082894589,1.089110451,0.082894589,1.089110451,0.58600252,0.787245692,0.384759348,-0.659341509,-0.88788154,-0.057548436,-0.1277614,-0.114546863,0.084446822,-0.18738418,AM,5390,264
9—2,0.138239875,0.032242991,0.094158879,0.14017134,0.028971963,2.226267432,0.39943846,0.792364578,0.582712337,0.300291654,0.158878505,0.035046729,0.112149533,0.161214953,0.03271028,0.860214892,0.086757009,428,0.256308411,0.092172897,0.133683801,0.234968847,0.007009346,0.033411215,0.062305296,0.751403367,0.964577358,0.01700014,-0.21008504,-0.715554699,0.040462657,0.217887505,0.294392523,0.112149533,0.158878505,0.271028037,0.011682243,0.058411215,0.091121495,0.152241612,0.11712283,0.785981308,0.99,4.500819262,0.075726527,-0.403035099,0.075726527,-0.403035099,-0.163654286,-0.259406611,-0.067901961,-1.487277268,-0.483039043,0.34767474,0.787892367,-0.389232112,-0.645637667,0.236869397,ZX,6930,428
9—3,0.077922078,0.032467532,0.07965368,0.123593074,0.003463203,0.813076301,0.408024628,0.493961235,0.357117458,-0.567392453,0.086580087,0.038961039,0.103896104,0.151515152,0.004329004,0.300957434,0.063419913,231,0.345887446,0.126406926,0.190692641,0.338903319,0.055411255,0.061038961,0.067965368,1.416033293,1.645413258,0.579961017,0.548704119,0.301062177,0.75194884,0.337328275,0.402597403,0.194805195,0.229437229,0.41991342,0.0995671,0.095238095,0.103896104,0.797207283,0.169472274,0.782251082,1,6.908754779,0.052269727,1.089110451,0.052269727,1.089110451,0.570690089,0.778058234,0.363321944,-0.197477119,-0.983713275,0.842205326,-0.536542175,0.5483361,-0.55472415,0.188184756,ZX,6798,231
9—4,0,0,0.030769231,0.173076923,0.061538462,-1.01256711,-0.83348885,-0.511697708,1.030487222,1.408045792,0,0,0.038461538,0.192307692,0.076923077,0.016155869,0.053076923,26,0.276923077,0.069230769,0.238461538,0.296153846,0,0.057692308,0.092307692,0.904353483,0.508311335,1.051677694,0.236605198,-0.862776561,0.665763829,0.851008307,0.384615385,0.076923077,0.269230769,0.346153846,0,0.153846154,0.115384615,0.479277612,0.147252747,0.7,0.96,3.154402342,-0.464950173,-1.237380537,-0.464950173,-1.237380537,-0.851165355,-1.005651428,-0.696679282,-0.845017546,0.814282997,-0.116833614,-0.179817584,0.416529364,-0.111964221,0.224899421,SN,8388,26
9—5,0,0,0.16,0,0.16,-1.01256711,-0.83348885,2.146858987,-1.324720952,4.757229164,0,0,0.2,0,0.2,0.746662248,0.064,5,0,0,0.16,0.31,0.16,0,0,-1.150271963,-0.868529024,0.276871954,0.337691115,2.497807795,-0.819962864,-1.096900102,0,0,0.2,0.4,0.2,0,0,-0.117613299,0.09,0.86,1,6.908754779,0.541178642,1.089110451,0.541178642,1.089110451,0.815144546,0.924730908,0.705558185,-0.566617127,-1.152767632,0.680072147,-0.199143392,-0.453788022,-0.377321569,-0.06165039,MM,7680,5
9—6,0.066239316,0.032051282,0.021794872,0.092307692,0.020512821,0.539359821,0.392107788,-0.696319701,-0.068609926,0.01255272,0.08974359,0.038461538,0.038461538,0.115384615,0.025641026,0.03581814,0.046581197,78,0.266666667,0.174358974,0.271794872,0.22008547,0.087179487,0.076923077,0.016025641,0.828256244,2.599068919,1.380843531,-0.318743362,0.968311069,1.16100606,-0.758721559,0.320512821,0.205128205,0.294871795,0.269230769,0.128205128,0.153846154,0.08974359,0.837145843,0.159004884,0.728205128,0.99,4.500819262,-0.287587721,-0.403035099,-0.287587721,-0.403035099,-0.34531141,-0.368400886,-0.322221935,-0.318442098,-0.513326798,-0.513740787,0.133583218,0.092880223,0.125359215,0.509600583,QD,6386,78
